
> backend@1.0.0 start
> tsx src/app/server.ts

[dotenv@17.3.1] injecting env (0) from .env -- tip: ⚙️  override existing env vars with { override: true }
[dotenv@17.3.1] injecting env (0) from .env -- tip: 🔐 prevent building .env in docker: https://dotenvx.com/prebuild
[dotenv@17.3.1] injecting env (0) from .env -- tip: ⚙️  suppress all logs with { quiet: true }
[dotenv@17.3.1] injecting env (0) from .env -- tip: ⚙️  override existing env vars with { override: true }
[AI] Gemini Enabled: true
Automation Redis connected
[DB] Connected to PostgreSQL successfully
[DB] Keep-alive ping scheduled every 30 seconds
[SOCKET] Initializing WebSockets...
[API] ERP Backend running on port 3000
[SOCKET] Socket.io initialized with Redis adapter
[SOCKET] WebSockets initialized
{"level":"info","timestamp":"2026-05-14T15:47:27.329Z","service":"erp-omnichannel","environment":"development","message":"Call queue workers started","scope":"call-event-queues"}
[CALLS] Realtime call queues initialized
[OUTBOUND] Starting outbound worker...
[INBOUND] Starting IMAP worker...
{"level":"info","timestamp":"2026-05-14T15:47:27.882Z","service":"erp-omnichannel","environment":"development","message":"Outbound worker ready","scope":"outbound-worker-runtime","concurrency":1,"rateLimitMax":10,"rateLimitDurationMs":1000}
[OUTBOUND] Outbound worker ready
{"level":"info","timestamp":"2026-05-14T15:47:31.377Z","service":"erp-omnichannel","environment":"development","message":"[IMAP] Connected to imap.gmail.com","scope":"imap-worker"}
📧 EMAIL CONNECTED: testingforcompany.0@gmail.com
[INBOUND] IMAP worker ready
📩 Incoming email from: djroman11221@gmail.com
📩 Subject: Re: Testing
[SOCKET] Client connected: 0nwB5letWZcfmkvKAAAB
{"level":"info","timestamp":"2026-05-14T15:47:34.677Z","service":"erp-omnichannel","environment":"development","message":"Ignored duplicate inbound email via IMAP","scope":"imap-worker","externalMessageId":"<CAB+XejzrPfiwmGCMR2ti7H1q4wyvSea7sN_JL1T+GXhYJe9pCQ@mail.gmail.com>"}
{"level":"info","timestamp":"2026-05-14T15:47:34.684Z","service":"erp-omnichannel","environment":"development","message":"[IMAP] Processed email UID 24.","scope":"imap-worker"}
CTX: {
  tenantId: '087f0342-db64-4a25-bfd9-c247cb66d825',
  unitId: '208a3519-a515-4986-aa4b-599e22ec3b0b',
  userId: '71898a6a-1795-4e47-b096-72a6b06fc269'
}
CTX: {
  tenantId: '087f0342-db64-4a25-bfd9-c247cb66d825',
  unitId: '208a3519-a515-4986-aa4b-599e22ec3b0b',
  userId: '71898a6a-1795-4e47-b096-72a6b06fc269'
}
CTX: {
  tenantId: '087f0342-db64-4a25-bfd9-c247cb66d825',
  unitId: '208a3519-a515-4986-aa4b-599e22ec3b0b',
  userId: '71898a6a-1795-4e47-b096-72a6b06fc269'
}
CTX: {
  tenantId: '087f0342-db64-4a25-bfd9-c247cb66d825',
  unitId: '208a3519-a515-4986-aa4b-599e22ec3b0b',
  userId: '71898a6a-1795-4e47-b096-72a6b06fc269'
}
CTX: {
  tenantId: '087f0342-db64-4a25-bfd9-c247cb66d825',
  unitId: '208a3519-a515-4986-aa4b-599e22ec3b0b',
  userId: '71898a6a-1795-4e47-b096-72a6b06fc269'
}
CTX: {
  tenantId: '087f0342-db64-4a25-bfd9-c247cb66d825',
  unitId: '208a3519-a515-4986-aa4b-599e22ec3b0b',
  userId: '71898a6a-1795-4e47-b096-72a6b06fc269'
}
{"level":"info","timestamp":"2026-05-14T15:49:51.746Z","service":"erp-omnichannel","environment":"development","message":"[IMAP] Connected to imap.gmail.com","scope":"imap-worker"}
📧 EMAIL CONNECTED: testingforcompany.0@gmail.com
📩 Incoming email from: djroman11221@gmail.com
📩 Subject: Re: Testing
{"level":"info","timestamp":"2026-05-14T15:49:54.673Z","service":"erp-omnichannel","environment":"development","message":"Ignored duplicate inbound email via IMAP","scope":"imap-worker","externalMessageId":"<CAB+XejzrPfiwmGCMR2ti7H1q4wyvSea7sN_JL1T+GXhYJe9pCQ@mail.gmail.com>"}
{"level":"info","timestamp":"2026-05-14T15:49:54.680Z","service":"erp-omnichannel","environment":"development","message":"[IMAP] Processed email UID 24.","scope":"imap-worker"}
CTX: {
  tenantId: '087f0342-db64-4a25-bfd9-c247cb66d825',
  unitId: '208a3519-a515-4986-aa4b-599e22ec3b0b',
  userId: '71898a6a-1795-4e47-b096-72a6b06fc269'
}
CTX: {
  tenantId: '087f0342-db64-4a25-bfd9-c247cb66d825',
  unitId: '208a3519-a515-4986-aa4b-599e22ec3b0b',
  userId: '71898a6a-1795-4e47-b096-72a6b06fc269'
}
CTX: {
  tenantId: '087f0342-db64-4a25-bfd9-c247cb66d825',
  unitId: '208a3519-a515-4986-aa4b-599e22ec3b0b',
  userId: '71898a6a-1795-4e47-b096-72a6b06fc269'
}
CTX: {
  tenantId: '087f0342-db64-4a25-bfd9-c247cb66d825',
  unitId: '208a3519-a515-4986-aa4b-599e22ec3b0b',
  userId: '71898a6a-1795-4e47-b096-72a6b06fc269'
}
{"level":"info","timestamp":"2026-05-14T15:52:12.087Z","service":"erp-omnichannel","environment":"development","message":"[IMAP] Connected to imap.gmail.com","scope":"imap-worker"}
📧 EMAIL CONNECTED: testingforcompany.0@gmail.com
📩 Incoming email from: djroman11221@gmail.com
📩 Subject: Re: Testing
{"level":"info","timestamp":"2026-05-14T15:52:15.313Z","service":"erp-omnichannel","environment":"development","message":"Ignored duplicate inbound email via IMAP","scope":"imap-worker","externalMessageId":"<CAB+XejzrPfiwmGCMR2ti7H1q4wyvSea7sN_JL1T+GXhYJe9pCQ@mail.gmail.com>"}
{"level":"info","timestamp":"2026-05-14T15:52:15.314Z","service":"erp-omnichannel","environment":"development","message":"[IMAP] Processed email UID 24.","scope":"imap-worker"}
CTX: {
  tenantId: '087f0342-db64-4a25-bfd9-c247cb66d825',
  unitId: '208a3519-a515-4986-aa4b-599e22ec3b0b',
  userId: '71898a6a-1795-4e47-b096-72a6b06fc269'
}
CTX: {
  tenantId: '087f0342-db64-4a25-bfd9-c247cb66d825',
  unitId: '208a3519-a515-4986-aa4b-599e22ec3b0b',
  userId: '71898a6a-1795-4e47-b096-72a6b06fc269'
}
CTX: {
  tenantId: '087f0342-db64-4a25-bfd9-c247cb66d825',
  unitId: '208a3519-a515-4986-aa4b-599e22ec3b0b',
  userId: '71898a6a-1795-4e47-b096-72a6b06fc269'
}
CTX: {
  tenantId: '087f0342-db64-4a25-bfd9-c247cb66d825',
  unitId: '208a3519-a515-4986-aa4b-599e22ec3b0b',
  userId: '71898a6a-1795-4e47-b096-72a6b06fc269'
}
CTX: {
  tenantId: '087f0342-db64-4a25-bfd9-c247cb66d825',
  unitId: '208a3519-a515-4986-aa4b-599e22ec3b0b',
  userId: '71898a6a-1795-4e47-b096-72a6b06fc269'
}
CTX: {
  tenantId: '087f0342-db64-4a25-bfd9-c247cb66d825',
  unitId: '208a3519-a515-4986-aa4b-599e22ec3b0b',
  userId: '71898a6a-1795-4e47-b096-72a6b06fc269'
}
CTX: {
  tenantId: '087f0342-db64-4a25-bfd9-c247cb66d825',
  unitId: '208a3519-a515-4986-aa4b-599e22ec3b0b',
  userId: '71898a6a-1795-4e47-b096-72a6b06fc269'
}
CTX: {
  tenantId: '087f0342-db64-4a25-bfd9-c247cb66d825',
  unitId: '208a3519-a515-4986-aa4b-599e22ec3b0b',
  userId: '71898a6a-1795-4e47-b096-72a6b06fc269'
}
CTX: {
  tenantId: '087f0342-db64-4a25-bfd9-c247cb66d825',
  unitId: '208a3519-a515-4986-aa4b-599e22ec3b0b',
  userId: '71898a6a-1795-4e47-b096-72a6b06fc269'
}
CTX: {
  tenantId: '087f0342-db64-4a25-bfd9-c247cb66d825',
  unitId: '208a3519-a515-4986-aa4b-599e22ec3b0b',
  userId: '71898a6a-1795-4e47-b096-72a6b06fc269'
}
[SOCKET] Client disconnected: 0nwB5letWZcfmkvKAAAB
CTX: {
  tenantId: '087f0342-db64-4a25-bfd9-c247cb66d825',
  unitId: '208a3519-a515-4986-aa4b-599e22ec3b0b',
  userId: '71898a6a-1795-4e47-b096-72a6b06fc269'
}
CTX: {
  tenantId: '087f0342-db64-4a25-bfd9-c247cb66d825',
  unitId: '208a3519-a515-4986-aa4b-599e22ec3b0b',
  userId: '71898a6a-1795-4e47-b096-72a6b06fc269'
}
{"level":"info","timestamp":"2026-05-14T15:54:32.542Z","service":"erp-omnichannel","environment":"development","message":"[IMAP] Connected to imap.gmail.com","scope":"imap-worker"}
📧 EMAIL CONNECTED: testingforcompany.0@gmail.com
📩 Incoming email from: djroman11221@gmail.com
📩 Subject: Re: Testing
{"level":"info","timestamp":"2026-05-14T15:54:35.505Z","service":"erp-omnichannel","environment":"development","message":"Ignored duplicate inbound email via IMAP","scope":"imap-worker","externalMessageId":"<CAB+XejzrPfiwmGCMR2ti7H1q4wyvSea7sN_JL1T+GXhYJe9pCQ@mail.gmail.com>"}
{"level":"info","timestamp":"2026-05-14T15:54:35.505Z","service":"erp-omnichannel","environment":"development","message":"[IMAP] Processed email UID 24.","scope":"imap-worker"}
[SOCKET] Client connected: lRVRauddDKgseHUqAAAD
CTX: {
  tenantId: '087f0342-db64-4a25-bfd9-c247cb66d825',
  unitId: '208a3519-a515-4986-aa4b-599e22ec3b0b',
  userId: '71898a6a-1795-4e47-b096-72a6b06fc269'
}
CTX: {
  tenantId: '087f0342-db64-4a25-bfd9-c247cb66d825',
  unitId: '208a3519-a515-4986-aa4b-599e22ec3b0b',
  userId: '71898a6a-1795-4e47-b096-72a6b06fc269'
}
CTX: {
  tenantId: '087f0342-db64-4a25-bfd9-c247cb66d825',
  unitId: '208a3519-a515-4986-aa4b-599e22ec3b0b',
  userId: '71898a6a-1795-4e47-b096-72a6b06fc269'
}
CTX: {
  tenantId: '087f0342-db64-4a25-bfd9-c247cb66d825',
  unitId: '208a3519-a515-4986-aa4b-599e22ec3b0b',
  userId: '71898a6a-1795-4e47-b096-72a6b06fc269'
}
CTX: {
  tenantId: '087f0342-db64-4a25-bfd9-c247cb66d825',
  unitId: '208a3519-a515-4986-aa4b-599e22ec3b0b',
  userId: '71898a6a-1795-4e47-b096-72a6b06fc269'
}
CTX: {
  tenantId: '087f0342-db64-4a25-bfd9-c247cb66d825',
  unitId: '208a3519-a515-4986-aa4b-599e22ec3b0b',
  userId: '71898a6a-1795-4e47-b096-72a6b06fc269'
}
CTX: {
  tenantId: '087f0342-db64-4a25-bfd9-c247cb66d825',
  unitId: '208a3519-a515-4986-aa4b-599e22ec3b0b',
  userId: '71898a6a-1795-4e47-b096-72a6b06fc269'
}
CTX: {
  tenantId: '087f0342-db64-4a25-bfd9-c247cb66d825',
  unitId: '208a3519-a515-4986-aa4b-599e22ec3b0b',
  userId: '71898a6a-1795-4e47-b096-72a6b06fc269'
}
CTX: {
  tenantId: '087f0342-db64-4a25-bfd9-c247cb66d825',
  unitId: '208a3519-a515-4986-aa4b-599e22ec3b0b',
  userId: '71898a6a-1795-4e47-b096-72a6b06fc269'
}
CTX: {
  tenantId: '087f0342-db64-4a25-bfd9-c247cb66d825',
  unitId: '208a3519-a515-4986-aa4b-599e22ec3b0b',
  userId: '71898a6a-1795-4e47-b096-72a6b06fc269'
}
CTX: {
  tenantId: '087f0342-db64-4a25-bfd9-c247cb66d825',
  unitId: '208a3519-a515-4986-aa4b-599e22ec3b0b',
  userId: '71898a6a-1795-4e47-b096-72a6b06fc269'
}
CTX: {
  tenantId: '087f0342-db64-4a25-bfd9-c247cb66d825',
  unitId: '208a3519-a515-4986-aa4b-599e22ec3b0b',
  userId: '71898a6a-1795-4e47-b096-72a6b06fc269'
}
CTX: {
  tenantId: '087f0342-db64-4a25-bfd9-c247cb66d825',
  unitId: '208a3519-a515-4986-aa4b-599e22ec3b0b',
  userId: '71898a6a-1795-4e47-b096-72a6b06fc269'
}
CTX: {
  tenantId: '087f0342-db64-4a25-bfd9-c247cb66d825',
  unitId: '208a3519-a515-4986-aa4b-599e22ec3b0b',
  userId: '71898a6a-1795-4e47-b096-72a6b06fc269'
}
CTX: {
  tenantId: '087f0342-db64-4a25-bfd9-c247cb66d825',
  unitId: '208a3519-a515-4986-aa4b-599e22ec3b0b',
  userId: '71898a6a-1795-4e47-b096-72a6b06fc269'
}
CTX: {
  tenantId: '087f0342-db64-4a25-bfd9-c247cb66d825',
  unitId: '208a3519-a515-4986-aa4b-599e22ec3b0b',
  userId: '71898a6a-1795-4e47-b096-72a6b06fc269'
}
CTX: {
  tenantId: '087f0342-db64-4a25-bfd9-c247cb66d825',
  unitId: '208a3519-a515-4986-aa4b-599e22ec3b0b',
  userId: '71898a6a-1795-4e47-b096-72a6b06fc269'
}
CTX: {
  tenantId: '087f0342-db64-4a25-bfd9-c247cb66d825',
  unitId: '208a3519-a515-4986-aa4b-599e22ec3b0b',
  userId: '71898a6a-1795-4e47-b096-72a6b06fc269'
}
CTX: {
  tenantId: '087f0342-db64-4a25-bfd9-c247cb66d825',
  unitId: '208a3519-a515-4986-aa4b-599e22ec3b0b',
  userId: '71898a6a-1795-4e47-b096-72a6b06fc269'
}
CTX: {
  tenantId: '087f0342-db64-4a25-bfd9-c247cb66d825',
  unitId: '208a3519-a515-4986-aa4b-599e22ec3b0b',
  userId: '71898a6a-1795-4e47-b096-72a6b06fc269'
}
CTX: {
  tenantId: '087f0342-db64-4a25-bfd9-c247cb66d825',
  unitId: '208a3519-a515-4986-aa4b-599e22ec3b0b',
  userId: '71898a6a-1795-4e47-b096-72a6b06fc269'
}
CTX: {
  tenantId: '087f0342-db64-4a25-bfd9-c247cb66d825',
  unitId: '208a3519-a515-4986-aa4b-599e22ec3b0b',
  userId: '71898a6a-1795-4e47-b096-72a6b06fc269'
}
CTX: {
  tenantId: '087f0342-db64-4a25-bfd9-c247cb66d825',
  unitId: '208a3519-a515-4986-aa4b-599e22ec3b0b',
  userId: '71898a6a-1795-4e47-b096-72a6b06fc269'
}
CTX: {
  tenantId: '087f0342-db64-4a25-bfd9-c247cb66d825',
  unitId: '208a3519-a515-4986-aa4b-599e22ec3b0b',
  userId: '71898a6a-1795-4e47-b096-72a6b06fc269'
}
{"level":"info","timestamp":"2026-05-14T15:56:52.672Z","service":"erp-omnichannel","environment":"development","message":"[IMAP] Connected to imap.gmail.com","scope":"imap-worker"}
📧 EMAIL CONNECTED: testingforcompany.0@gmail.com
📩 Incoming email from: djroman11221@gmail.com
📩 Subject: Re: Testing
{"level":"info","timestamp":"2026-05-14T15:56:55.439Z","service":"erp-omnichannel","environment":"development","message":"Ignored duplicate inbound email via IMAP","scope":"imap-worker","externalMessageId":"<CAB+XejzrPfiwmGCMR2ti7H1q4wyvSea7sN_JL1T+GXhYJe9pCQ@mail.gmail.com>"}
{"level":"info","timestamp":"2026-05-14T15:56:55.446Z","service":"erp-omnichannel","environment":"development","message":"[IMAP] Processed email UID 24.","scope":"imap-worker"}
CTX: {
  tenantId: '087f0342-db64-4a25-bfd9-c247cb66d825',
  unitId: '208a3519-a515-4986-aa4b-599e22ec3b0b',
  userId: '71898a6a-1795-4e47-b096-72a6b06fc269'
}
CTX: {
  tenantId: '087f0342-db64-4a25-bfd9-c247cb66d825',
  unitId: '208a3519-a515-4986-aa4b-599e22ec3b0b',
  userId: '71898a6a-1795-4e47-b096-72a6b06fc269'
}
CTX: {
  tenantId: '087f0342-db64-4a25-bfd9-c247cb66d825',
  unitId: '208a3519-a515-4986-aa4b-599e22ec3b0b',
  userId: '71898a6a-1795-4e47-b096-72a6b06fc269'
}
CTX: {
  tenantId: '087f0342-db64-4a25-bfd9-c247cb66d825',
  unitId: '208a3519-a515-4986-aa4b-599e22ec3b0b',
  userId: '71898a6a-1795-4e47-b096-72a6b06fc269'
}
CTX: {
  tenantId: '087f0342-db64-4a25-bfd9-c247cb66d825',
  unitId: '208a3519-a515-4986-aa4b-599e22ec3b0b',
  userId: '71898a6a-1795-4e47-b096-72a6b06fc269'
}
CTX: {
  tenantId: '087f0342-db64-4a25-bfd9-c247cb66d825',
  unitId: '208a3519-a515-4986-aa4b-599e22ec3b0b',
  userId: '71898a6a-1795-4e47-b096-72a6b06fc269'
}
CTX: {
  tenantId: '087f0342-db64-4a25-bfd9-c247cb66d825',
  unitId: '208a3519-a515-4986-aa4b-599e22ec3b0b',
  userId: '71898a6a-1795-4e47-b096-72a6b06fc269'
}
CTX: {
  tenantId: '087f0342-db64-4a25-bfd9-c247cb66d825',
  unitId: '208a3519-a515-4986-aa4b-599e22ec3b0b',
  userId: '71898a6a-1795-4e47-b096-72a6b06fc269'
}
CTX: {
  tenantId: '087f0342-db64-4a25-bfd9-c247cb66d825',
  unitId: '208a3519-a515-4986-aa4b-599e22ec3b0b',
  userId: '71898a6a-1795-4e47-b096-72a6b06fc269'
}
CTX: {
  tenantId: '087f0342-db64-4a25-bfd9-c247cb66d825',
  unitId: '208a3519-a515-4986-aa4b-599e22ec3b0b',
  userId: '71898a6a-1795-4e47-b096-72a6b06fc269'
}
CTX: {
  tenantId: '087f0342-db64-4a25-bfd9-c247cb66d825',
  unitId: '208a3519-a515-4986-aa4b-599e22ec3b0b',
  userId: '71898a6a-1795-4e47-b096-72a6b06fc269'
}
CTX: {
  tenantId: '087f0342-db64-4a25-bfd9-c247cb66d825',
  unitId: '208a3519-a515-4986-aa4b-599e22ec3b0b',
  userId: '71898a6a-1795-4e47-b096-72a6b06fc269'
}
CTX: {
  tenantId: '087f0342-db64-4a25-bfd9-c247cb66d825',
  unitId: '208a3519-a515-4986-aa4b-599e22ec3b0b',
  userId: '71898a6a-1795-4e47-b096-72a6b06fc269'
}
CTX: {
  tenantId: '087f0342-db64-4a25-bfd9-c247cb66d825',
  unitId: '208a3519-a515-4986-aa4b-599e22ec3b0b',
  userId: '71898a6a-1795-4e47-b096-72a6b06fc269'
}
CTX: {
  tenantId: '087f0342-db64-4a25-bfd9-c247cb66d825',
  unitId: '208a3519-a515-4986-aa4b-599e22ec3b0b',
  userId: '71898a6a-1795-4e47-b096-72a6b06fc269'
}
CTX: {
  tenantId: '087f0342-db64-4a25-bfd9-c247cb66d825',
  unitId: '208a3519-a515-4986-aa4b-599e22ec3b0b',
  userId: '71898a6a-1795-4e47-b096-72a6b06fc269'
}
CTX: {
  tenantId: '087f0342-db64-4a25-bfd9-c247cb66d825',
  unitId: '208a3519-a515-4986-aa4b-599e22ec3b0b',
  userId: '71898a6a-1795-4e47-b096-72a6b06fc269'
}
CTX: {
  tenantId: '087f0342-db64-4a25-bfd9-c247cb66d825',
  unitId: '208a3519-a515-4986-aa4b-599e22ec3b0b',
  userId: '71898a6a-1795-4e47-b096-72a6b06fc269'
}
CTX: {
  tenantId: '087f0342-db64-4a25-bfd9-c247cb66d825',
  unitId: '208a3519-a515-4986-aa4b-599e22ec3b0b',
  userId: '71898a6a-1795-4e47-b096-72a6b06fc269'
}
CTX: {
  tenantId: '087f0342-db64-4a25-bfd9-c247cb66d825',
  unitId: '208a3519-a515-4986-aa4b-599e22ec3b0b',
  userId: '71898a6a-1795-4e47-b096-72a6b06fc269'
}
CTX: {
  tenantId: '087f0342-db64-4a25-bfd9-c247cb66d825',
  unitId: '208a3519-a515-4986-aa4b-599e22ec3b0b',
  userId: '71898a6a-1795-4e47-b096-72a6b06fc269'
}
{"level":"info","timestamp":"2026-05-14T15:59:12.666Z","service":"erp-omnichannel","environment":"development","message":"[IMAP] Connected to imap.gmail.com","scope":"imap-worker"}
📧 EMAIL CONNECTED: testingforcompany.0@gmail.com
📩 Incoming email from: djroman11221@gmail.com
📩 Subject: Re: Testing
{"level":"info","timestamp":"2026-05-14T15:59:15.765Z","service":"erp-omnichannel","environment":"development","message":"Ignored duplicate inbound email via IMAP","scope":"imap-worker","externalMessageId":"<CAB+XejzrPfiwmGCMR2ti7H1q4wyvSea7sN_JL1T+GXhYJe9pCQ@mail.gmail.com>"}
{"level":"info","timestamp":"2026-05-14T15:59:15.772Z","service":"erp-omnichannel","environment":"development","message":"[IMAP] Processed email UID 24.","scope":"imap-worker"}
CTX: {
  tenantId: '087f0342-db64-4a25-bfd9-c247cb66d825',
  unitId: '208a3519-a515-4986-aa4b-599e22ec3b0b',
  userId: '71898a6a-1795-4e47-b096-72a6b06fc269'
}
CTX: {
  tenantId: '087f0342-db64-4a25-bfd9-c247cb66d825',
  unitId: '208a3519-a515-4986-aa4b-599e22ec3b0b',
  userId: '71898a6a-1795-4e47-b096-72a6b06fc269'
}
CTX: {
  tenantId: '087f0342-db64-4a25-bfd9-c247cb66d825',
  unitId: '208a3519-a515-4986-aa4b-599e22ec3b0b',
  userId: '71898a6a-1795-4e47-b096-72a6b06fc269'
}
CTX: {
  tenantId: '087f0342-db64-4a25-bfd9-c247cb66d825',
  unitId: '208a3519-a515-4986-aa4b-599e22ec3b0b',
  userId: '71898a6a-1795-4e47-b096-72a6b06fc269'
}
CTX: {
  tenantId: '087f0342-db64-4a25-bfd9-c247cb66d825',
  unitId: '208a3519-a515-4986-aa4b-599e22ec3b0b',
  userId: '71898a6a-1795-4e47-b096-72a6b06fc269'
}
CTX: {
  tenantId: '087f0342-db64-4a25-bfd9-c247cb66d825',
  unitId: '208a3519-a515-4986-aa4b-599e22ec3b0b',
  userId: '71898a6a-1795-4e47-b096-72a6b06fc269'
}
CTX: {
  tenantId: '087f0342-db64-4a25-bfd9-c247cb66d825',
  unitId: '208a3519-a515-4986-aa4b-599e22ec3b0b',
  userId: '71898a6a-1795-4e47-b096-72a6b06fc269'
}
CTX: {
  tenantId: '087f0342-db64-4a25-bfd9-c247cb66d825',
  unitId: '208a3519-a515-4986-aa4b-599e22ec3b0b',
  userId: '71898a6a-1795-4e47-b096-72a6b06fc269'
}
CTX: {
  tenantId: '087f0342-db64-4a25-bfd9-c247cb66d825',
  unitId: '208a3519-a515-4986-aa4b-599e22ec3b0b',
  userId: '71898a6a-1795-4e47-b096-72a6b06fc269'
}
CTX: {
  tenantId: '087f0342-db64-4a25-bfd9-c247cb66d825',
  unitId: '208a3519-a515-4986-aa4b-599e22ec3b0b',
  userId: '71898a6a-1795-4e47-b096-72a6b06fc269'
}
CTX: {
  tenantId: '087f0342-db64-4a25-bfd9-c247cb66d825',
  unitId: '208a3519-a515-4986-aa4b-599e22ec3b0b',
  userId: '71898a6a-1795-4e47-b096-72a6b06fc269'
}
CTX: {
  tenantId: '087f0342-db64-4a25-bfd9-c247cb66d825',
  unitId: '208a3519-a515-4986-aa4b-599e22ec3b0b',
  userId: '71898a6a-1795-4e47-b096-72a6b06fc269'
}
CTX: {
  tenantId: '087f0342-db64-4a25-bfd9-c247cb66d825',
  unitId: '208a3519-a515-4986-aa4b-599e22ec3b0b',
  userId: '71898a6a-1795-4e47-b096-72a6b06fc269'
}
CTX: {
  tenantId: '087f0342-db64-4a25-bfd9-c247cb66d825',
  unitId: '208a3519-a515-4986-aa4b-599e22ec3b0b',
  userId: '71898a6a-1795-4e47-b096-72a6b06fc269'
}
CTX: {
  tenantId: '087f0342-db64-4a25-bfd9-c247cb66d825',
  unitId: '208a3519-a515-4986-aa4b-599e22ec3b0b',
  userId: '71898a6a-1795-4e47-b096-72a6b06fc269'
}
CTX: {
  tenantId: '087f0342-db64-4a25-bfd9-c247cb66d825',
  unitId: '208a3519-a515-4986-aa4b-599e22ec3b0b',
  userId: '71898a6a-1795-4e47-b096-72a6b06fc269'
}
CTX: {
  tenantId: '087f0342-db64-4a25-bfd9-c247cb66d825',
  unitId: '208a3519-a515-4986-aa4b-599e22ec3b0b',
  userId: '71898a6a-1795-4e47-b096-72a6b06fc269'
}
CTX: {
  tenantId: '087f0342-db64-4a25-bfd9-c247cb66d825',
  unitId: '208a3519-a515-4986-aa4b-599e22ec3b0b',
  userId: '71898a6a-1795-4e47-b096-72a6b06fc269'
}
CTX: {
  tenantId: '087f0342-db64-4a25-bfd9-c247cb66d825',
  unitId: '208a3519-a515-4986-aa4b-599e22ec3b0b',
  userId: '71898a6a-1795-4e47-b096-72a6b06fc269'
}
CTX: {
  tenantId: '087f0342-db64-4a25-bfd9-c247cb66d825',
  unitId: '208a3519-a515-4986-aa4b-599e22ec3b0b',
  userId: '71898a6a-1795-4e47-b096-72a6b06fc269'
}
CTX: {
  tenantId: '087f0342-db64-4a25-bfd9-c247cb66d825',
  unitId: '208a3519-a515-4986-aa4b-599e22ec3b0b',
  userId: '71898a6a-1795-4e47-b096-72a6b06fc269'
}
CTX: {
  tenantId: '087f0342-db64-4a25-bfd9-c247cb66d825',
  unitId: '208a3519-a515-4986-aa4b-599e22ec3b0b',
  userId: '71898a6a-1795-4e47-b096-72a6b06fc269'
}
CTX: {
  tenantId: '087f0342-db64-4a25-bfd9-c247cb66d825',
  unitId: '208a3519-a515-4986-aa4b-599e22ec3b0b',
  userId: '71898a6a-1795-4e47-b096-72a6b06fc269'
}
CTX: {
  tenantId: '087f0342-db64-4a25-bfd9-c247cb66d825',
  unitId: '208a3519-a515-4986-aa4b-599e22ec3b0b',
  userId: '71898a6a-1795-4e47-b096-72a6b06fc269'
}
CTX: {
  tenantId: '087f0342-db64-4a25-bfd9-c247cb66d825',
  unitId: '208a3519-a515-4986-aa4b-599e22ec3b0b',
  userId: '71898a6a-1795-4e47-b096-72a6b06fc269'
}
CTX: {
  tenantId: '087f0342-db64-4a25-bfd9-c247cb66d825',
  unitId: '208a3519-a515-4986-aa4b-599e22ec3b0b',
  userId: '71898a6a-1795-4e47-b096-72a6b06fc269'
}
CTX: {
  tenantId: '087f0342-db64-4a25-bfd9-c247cb66d825',
  unitId: '208a3519-a515-4986-aa4b-599e22ec3b0b',
  userId: '71898a6a-1795-4e47-b096-72a6b06fc269'
}
CTX: {
  tenantId: '087f0342-db64-4a25-bfd9-c247cb66d825',
  unitId: '208a3519-a515-4986-aa4b-599e22ec3b0b',
  userId: '71898a6a-1795-4e47-b096-72a6b06fc269'
}
{"level":"info","timestamp":"2026-05-14T16:01:32.998Z","service":"erp-omnichannel","environment":"development","message":"[IMAP] Connected to imap.gmail.com","scope":"imap-worker"}
📧 EMAIL CONNECTED: testingforcompany.0@gmail.com
📩 Incoming email from: djroman11221@gmail.com
📩 Subject: Re: Testing
{"level":"info","timestamp":"2026-05-14T16:01:36.196Z","service":"erp-omnichannel","environment":"development","message":"Ignored duplicate inbound email via IMAP","scope":"imap-worker","externalMessageId":"<CAB+XejzrPfiwmGCMR2ti7H1q4wyvSea7sN_JL1T+GXhYJe9pCQ@mail.gmail.com>"}
{"level":"info","timestamp":"2026-05-14T16:01:36.203Z","service":"erp-omnichannel","environment":"development","message":"[IMAP] Processed email UID 24.","scope":"imap-worker"}
CTX: {
  tenantId: '087f0342-db64-4a25-bfd9-c247cb66d825',
  unitId: '208a3519-a515-4986-aa4b-599e22ec3b0b',
  userId: '71898a6a-1795-4e47-b096-72a6b06fc269'
}
CTX: {
  tenantId: '087f0342-db64-4a25-bfd9-c247cb66d825',
  unitId: '208a3519-a515-4986-aa4b-599e22ec3b0b',
  userId: '71898a6a-1795-4e47-b096-72a6b06fc269'
}
CTX: {
  tenantId: '087f0342-db64-4a25-bfd9-c247cb66d825',
  unitId: '208a3519-a515-4986-aa4b-599e22ec3b0b',
  userId: '71898a6a-1795-4e47-b096-72a6b06fc269'
}
CTX: {
  tenantId: '087f0342-db64-4a25-bfd9-c247cb66d825',
  unitId: '208a3519-a515-4986-aa4b-599e22ec3b0b',
  userId: '71898a6a-1795-4e47-b096-72a6b06fc269'
}
CTX: {
  tenantId: '087f0342-db64-4a25-bfd9-c247cb66d825',
  unitId: '208a3519-a515-4986-aa4b-599e22ec3b0b',
  userId: '71898a6a-1795-4e47-b096-72a6b06fc269'
}
CTX: {
  tenantId: '087f0342-db64-4a25-bfd9-c247cb66d825',
  unitId: '208a3519-a515-4986-aa4b-599e22ec3b0b',
  userId: '71898a6a-1795-4e47-b096-72a6b06fc269'
}
CTX: {
  tenantId: '087f0342-db64-4a25-bfd9-c247cb66d825',
  unitId: '208a3519-a515-4986-aa4b-599e22ec3b0b',
  userId: '71898a6a-1795-4e47-b096-72a6b06fc269'
}
CTX: {
  tenantId: '087f0342-db64-4a25-bfd9-c247cb66d825',
  unitId: '208a3519-a515-4986-aa4b-599e22ec3b0b',
  userId: '71898a6a-1795-4e47-b096-72a6b06fc269'
}
CTX: {
  tenantId: '087f0342-db64-4a25-bfd9-c247cb66d825',
  unitId: '208a3519-a515-4986-aa4b-599e22ec3b0b',
  userId: '71898a6a-1795-4e47-b096-72a6b06fc269'
}
CTX: {
  tenantId: '087f0342-db64-4a25-bfd9-c247cb66d825',
  unitId: '208a3519-a515-4986-aa4b-599e22ec3b0b',
  userId: '71898a6a-1795-4e47-b096-72a6b06fc269'
}
CTX: {
  tenantId: '087f0342-db64-4a25-bfd9-c247cb66d825',
  unitId: '208a3519-a515-4986-aa4b-599e22ec3b0b',
  userId: '71898a6a-1795-4e47-b096-72a6b06fc269'
}
CTX: {
  tenantId: '087f0342-db64-4a25-bfd9-c247cb66d825',
  unitId: '208a3519-a515-4986-aa4b-599e22ec3b0b',
  userId: '71898a6a-1795-4e47-b096-72a6b06fc269'
}
CTX: {
  tenantId: '087f0342-db64-4a25-bfd9-c247cb66d825',
  unitId: '208a3519-a515-4986-aa4b-599e22ec3b0b',
  userId: '71898a6a-1795-4e47-b096-72a6b06fc269'
}
CTX: {
  tenantId: '087f0342-db64-4a25-bfd9-c247cb66d825',
  unitId: '208a3519-a515-4986-aa4b-599e22ec3b0b',
  userId: '71898a6a-1795-4e47-b096-72a6b06fc269'
}
CTX: {
  tenantId: '087f0342-db64-4a25-bfd9-c247cb66d825',
  unitId: '208a3519-a515-4986-aa4b-599e22ec3b0b',
  userId: '71898a6a-1795-4e47-b096-72a6b06fc269'
}
CTX: {
  tenantId: '087f0342-db64-4a25-bfd9-c247cb66d825',
  unitId: '208a3519-a515-4986-aa4b-599e22ec3b0b',
  userId: '71898a6a-1795-4e47-b096-72a6b06fc269'
}
CTX: {
  tenantId: '087f0342-db64-4a25-bfd9-c247cb66d825',
  unitId: '208a3519-a515-4986-aa4b-599e22ec3b0b',
  userId: '71898a6a-1795-4e47-b096-72a6b06fc269'
}
CTX: {
  tenantId: '087f0342-db64-4a25-bfd9-c247cb66d825',
  unitId: '208a3519-a515-4986-aa4b-599e22ec3b0b',
  userId: '71898a6a-1795-4e47-b096-72a6b06fc269'
}
CTX: {
  tenantId: '087f0342-db64-4a25-bfd9-c247cb66d825',
  unitId: '208a3519-a515-4986-aa4b-599e22ec3b0b',
  userId: '71898a6a-1795-4e47-b096-72a6b06fc269'
}
CTX: {
  tenantId: '087f0342-db64-4a25-bfd9-c247cb66d825',
  unitId: '208a3519-a515-4986-aa4b-599e22ec3b0b',
  userId: '71898a6a-1795-4e47-b096-72a6b06fc269'
}
CTX: {
  tenantId: '087f0342-db64-4a25-bfd9-c247cb66d825',
  unitId: '208a3519-a515-4986-aa4b-599e22ec3b0b',
  userId: '71898a6a-1795-4e47-b096-72a6b06fc269'
}
CTX: {
  tenantId: '087f0342-db64-4a25-bfd9-c247cb66d825',
  unitId: '208a3519-a515-4986-aa4b-599e22ec3b0b',
  userId: '71898a6a-1795-4e47-b096-72a6b06fc269'
}
CTX: {
  tenantId: '087f0342-db64-4a25-bfd9-c247cb66d825',
  unitId: '208a3519-a515-4986-aa4b-599e22ec3b0b',
  userId: '71898a6a-1795-4e47-b096-72a6b06fc269'
}
📥 Incoming Request: {
  clientName: 'DF-0912',
  category: 'General Complaint',
  priority: 'MEDIUM',
  status: 'New Complaint',
  description: 'nice caring',
  unitId: '22222222-2222-2222-2222-222222222222'
}
🧠 Context: {
  tenantId: '087f0342-db64-4a25-bfd9-c247cb66d825',
  unitId: '208a3519-a515-4986-aa4b-599e22ec3b0b',
  userId: '71898a6a-1795-4e47-b096-72a6b06fc269'
}
✅ Validation passed
CTX: {
  tenantId: '087f0342-db64-4a25-bfd9-c247cb66d825',
  unitId: '208a3519-a515-4986-aa4b-599e22ec3b0b',
  userId: '71898a6a-1795-4e47-b096-72a6b06fc269'
}
{"level":"info","timestamp":"2026-05-14T16:03:53.457Z","service":"erp-omnichannel","environment":"development","message":"[IMAP] Connected to imap.gmail.com","scope":"imap-worker"}
📧 EMAIL CONNECTED: testingforcompany.0@gmail.com
📩 Incoming email from: djroman11221@gmail.com
📩 Subject: Re: Testing
{"level":"info","timestamp":"2026-05-14T16:03:56.552Z","service":"erp-omnichannel","environment":"development","message":"Ignored duplicate inbound email via IMAP","scope":"imap-worker","externalMessageId":"<CAB+XejzrPfiwmGCMR2ti7H1q4wyvSea7sN_JL1T+GXhYJe9pCQ@mail.gmail.com>"}
{"level":"info","timestamp":"2026-05-14T16:03:56.566Z","service":"erp-omnichannel","environment":"development","message":"[IMAP] Processed email UID 24.","scope":"imap-worker"}
CTX: {
  tenantId: '087f0342-db64-4a25-bfd9-c247cb66d825',
  unitId: '208a3519-a515-4986-aa4b-599e22ec3b0b',
  userId: '71898a6a-1795-4e47-b096-72a6b06fc269'
}
CTX: {
  tenantId: '087f0342-db64-4a25-bfd9-c247cb66d825',
  unitId: '208a3519-a515-4986-aa4b-599e22ec3b0b',
  userId: '71898a6a-1795-4e47-b096-72a6b06fc269'
}
CTX: {
  tenantId: '087f0342-db64-4a25-bfd9-c247cb66d825',
  unitId: '208a3519-a515-4986-aa4b-599e22ec3b0b',
  userId: '71898a6a-1795-4e47-b096-72a6b06fc269'
}
CTX: {
  tenantId: '087f0342-db64-4a25-bfd9-c247cb66d825',
  unitId: '208a3519-a515-4986-aa4b-599e22ec3b0b',
  userId: '71898a6a-1795-4e47-b096-72a6b06fc269'
}
CTX: {
  tenantId: '087f0342-db64-4a25-bfd9-c247cb66d825',
  unitId: '208a3519-a515-4986-aa4b-599e22ec3b0b',
  userId: '71898a6a-1795-4e47-b096-72a6b06fc269'
}
CTX: {
  tenantId: '087f0342-db64-4a25-bfd9-c247cb66d825',
  unitId: '208a3519-a515-4986-aa4b-599e22ec3b0b',
  userId: '71898a6a-1795-4e47-b096-72a6b06fc269'
}
CTX: {
  tenantId: '087f0342-db64-4a25-bfd9-c247cb66d825',
  unitId: '208a3519-a515-4986-aa4b-599e22ec3b0b',
  userId: '71898a6a-1795-4e47-b096-72a6b06fc269'
}
CTX: {
  tenantId: '087f0342-db64-4a25-bfd9-c247cb66d825',
  unitId: '208a3519-a515-4986-aa4b-599e22ec3b0b',
  userId: '71898a6a-1795-4e47-b096-72a6b06fc269'
}
CTX: {
  tenantId: '087f0342-db64-4a25-bfd9-c247cb66d825',
  unitId: '208a3519-a515-4986-aa4b-599e22ec3b0b',
  userId: '71898a6a-1795-4e47-b096-72a6b06fc269'
}
CTX: {
  tenantId: '087f0342-db64-4a25-bfd9-c247cb66d825',
  unitId: '208a3519-a515-4986-aa4b-599e22ec3b0b',
  userId: '71898a6a-1795-4e47-b096-72a6b06fc269'
}
CTX: {
  tenantId: '087f0342-db64-4a25-bfd9-c247cb66d825',
  unitId: '208a3519-a515-4986-aa4b-599e22ec3b0b',
  userId: '71898a6a-1795-4e47-b096-72a6b06fc269'
}
CTX: {
  tenantId: '087f0342-db64-4a25-bfd9-c247cb66d825',
  unitId: '208a3519-a515-4986-aa4b-599e22ec3b0b',
  userId: '71898a6a-1795-4e47-b096-72a6b06fc269'
}
CTX: {
  tenantId: '087f0342-db64-4a25-bfd9-c247cb66d825',
  unitId: '208a3519-a515-4986-aa4b-599e22ec3b0b',
  userId: '71898a6a-1795-4e47-b096-72a6b06fc269'
}
CTX: {
  tenantId: '087f0342-db64-4a25-bfd9-c247cb66d825',
  unitId: '208a3519-a515-4986-aa4b-599e22ec3b0b',
  userId: '71898a6a-1795-4e47-b096-72a6b06fc269'
}
CTX: {
  tenantId: '087f0342-db64-4a25-bfd9-c247cb66d825',
  unitId: '208a3519-a515-4986-aa4b-599e22ec3b0b',
  userId: '71898a6a-1795-4e47-b096-72a6b06fc269'
}
CTX: {
  tenantId: '087f0342-db64-4a25-bfd9-c247cb66d825',
  unitId: '208a3519-a515-4986-aa4b-599e22ec3b0b',
  userId: '71898a6a-1795-4e47-b096-72a6b06fc269'
}
CTX: {
  tenantId: '087f0342-db64-4a25-bfd9-c247cb66d825',
  unitId: '208a3519-a515-4986-aa4b-599e22ec3b0b',
  userId: '71898a6a-1795-4e47-b096-72a6b06fc269'
}
CTX: {
  tenantId: '087f0342-db64-4a25-bfd9-c247cb66d825',
  unitId: '208a3519-a515-4986-aa4b-599e22ec3b0b',
  userId: '71898a6a-1795-4e47-b096-72a6b06fc269'
}
CTX: {
  tenantId: '087f0342-db64-4a25-bfd9-c247cb66d825',
  unitId: '208a3519-a515-4986-aa4b-599e22ec3b0b',
  userId: '71898a6a-1795-4e47-b096-72a6b06fc269'
}
CTX: {
  tenantId: '087f0342-db64-4a25-bfd9-c247cb66d825',
  unitId: '208a3519-a515-4986-aa4b-599e22ec3b0b',
  userId: '71898a6a-1795-4e47-b096-72a6b06fc269'
}
CTX: {
  tenantId: '087f0342-db64-4a25-bfd9-c247cb66d825',
  unitId: '208a3519-a515-4986-aa4b-599e22ec3b0b',
  userId: '71898a6a-1795-4e47-b096-72a6b06fc269'
}
CTX: {
  tenantId: '087f0342-db64-4a25-bfd9-c247cb66d825',
  unitId: '208a3519-a515-4986-aa4b-599e22ec3b0b',
  userId: '71898a6a-1795-4e47-b096-72a6b06fc269'
}
CTX: {
  tenantId: '087f0342-db64-4a25-bfd9-c247cb66d825',
  unitId: '208a3519-a515-4986-aa4b-599e22ec3b0b',
  userId: '71898a6a-1795-4e47-b096-72a6b06fc269'
}
CTX: {
  tenantId: '087f0342-db64-4a25-bfd9-c247cb66d825',
  unitId: '208a3519-a515-4986-aa4b-599e22ec3b0b',
  userId: '71898a6a-1795-4e47-b096-72a6b06fc269'
}
CTX: {
  tenantId: '087f0342-db64-4a25-bfd9-c247cb66d825',
  unitId: '208a3519-a515-4986-aa4b-599e22ec3b0b',
  userId: '71898a6a-1795-4e47-b096-72a6b06fc269'
}
CTX: {
  tenantId: '087f0342-db64-4a25-bfd9-c247cb66d825',
  unitId: '208a3519-a515-4986-aa4b-599e22ec3b0b',
  userId: '71898a6a-1795-4e47-b096-72a6b06fc269'
}
CTX: {
  tenantId: '087f0342-db64-4a25-bfd9-c247cb66d825',
  unitId: '208a3519-a515-4986-aa4b-599e22ec3b0b',
  userId: '71898a6a-1795-4e47-b096-72a6b06fc269'
}
CTX: {
  tenantId: '087f0342-db64-4a25-bfd9-c247cb66d825',
  unitId: '208a3519-a515-4986-aa4b-599e22ec3b0b',
  userId: '71898a6a-1795-4e47-b096-72a6b06fc269'
}
CTX: {
  tenantId: '087f0342-db64-4a25-bfd9-c247cb66d825',
  unitId: '208a3519-a515-4986-aa4b-599e22ec3b0b',
  userId: '71898a6a-1795-4e47-b096-72a6b06fc269'
}
CTX: {
  tenantId: '087f0342-db64-4a25-bfd9-c247cb66d825',
  unitId: '208a3519-a515-4986-aa4b-599e22ec3b0b',
  userId: '71898a6a-1795-4e47-b096-72a6b06fc269'
}
CTX: {
  tenantId: '087f0342-db64-4a25-bfd9-c247cb66d825',
  unitId: '208a3519-a515-4986-aa4b-599e22ec3b0b',
  userId: '71898a6a-1795-4e47-b096-72a6b06fc269'
}
{"level":"info","timestamp":"2026-05-14T16:06:14.122Z","service":"erp-omnichannel","environment":"development","message":"[IMAP] Connected to imap.gmail.com","scope":"imap-worker"}
📧 EMAIL CONNECTED: testingforcompany.0@gmail.com
📩 Incoming email from: djroman11221@gmail.com
📩 Subject: Re: Testing
{"level":"info","timestamp":"2026-05-14T16:06:17.544Z","service":"erp-omnichannel","environment":"development","message":"Ignored duplicate inbound email via IMAP","scope":"imap-worker","externalMessageId":"<CAB+XejzrPfiwmGCMR2ti7H1q4wyvSea7sN_JL1T+GXhYJe9pCQ@mail.gmail.com>"}
{"level":"info","timestamp":"2026-05-14T16:06:17.551Z","service":"erp-omnichannel","environment":"development","message":"[IMAP] Processed email UID 24.","scope":"imap-worker"}
CTX: {
  tenantId: '087f0342-db64-4a25-bfd9-c247cb66d825',
  unitId: '208a3519-a515-4986-aa4b-599e22ec3b0b',
  userId: '71898a6a-1795-4e47-b096-72a6b06fc269'
}
CTX: {
  tenantId: '087f0342-db64-4a25-bfd9-c247cb66d825',
  unitId: '208a3519-a515-4986-aa4b-599e22ec3b0b',
  userId: '71898a6a-1795-4e47-b096-72a6b06fc269'
}
CTX: {
  tenantId: '087f0342-db64-4a25-bfd9-c247cb66d825',
  unitId: '208a3519-a515-4986-aa4b-599e22ec3b0b',
  userId: '71898a6a-1795-4e47-b096-72a6b06fc269'
}
CTX: {
  tenantId: '087f0342-db64-4a25-bfd9-c247cb66d825',
  unitId: '208a3519-a515-4986-aa4b-599e22ec3b0b',
  userId: '71898a6a-1795-4e47-b096-72a6b06fc269'
}
CTX: {
  tenantId: '087f0342-db64-4a25-bfd9-c247cb66d825',
  unitId: '208a3519-a515-4986-aa4b-599e22ec3b0b',
  userId: '71898a6a-1795-4e47-b096-72a6b06fc269'
}
CTX: {
  tenantId: '087f0342-db64-4a25-bfd9-c247cb66d825',
  unitId: '208a3519-a515-4986-aa4b-599e22ec3b0b',
  userId: '71898a6a-1795-4e47-b096-72a6b06fc269'
}
CTX: {
  tenantId: '087f0342-db64-4a25-bfd9-c247cb66d825',
  unitId: '208a3519-a515-4986-aa4b-599e22ec3b0b',
  userId: '71898a6a-1795-4e47-b096-72a6b06fc269'
}
CTX: {
  tenantId: '087f0342-db64-4a25-bfd9-c247cb66d825',
  unitId: '208a3519-a515-4986-aa4b-599e22ec3b0b',
  userId: '71898a6a-1795-4e47-b096-72a6b06fc269'
}
CTX: {
  tenantId: '087f0342-db64-4a25-bfd9-c247cb66d825',
  unitId: '208a3519-a515-4986-aa4b-599e22ec3b0b',
  userId: '71898a6a-1795-4e47-b096-72a6b06fc269'
}
CTX: {
  tenantId: '087f0342-db64-4a25-bfd9-c247cb66d825',
  unitId: '208a3519-a515-4986-aa4b-599e22ec3b0b',
  userId: '71898a6a-1795-4e47-b096-72a6b06fc269'
}
CTX: {
  tenantId: '087f0342-db64-4a25-bfd9-c247cb66d825',
  unitId: '208a3519-a515-4986-aa4b-599e22ec3b0b',
  userId: '71898a6a-1795-4e47-b096-72a6b06fc269'
}
CTX: {
  tenantId: '087f0342-db64-4a25-bfd9-c247cb66d825',
  unitId: '208a3519-a515-4986-aa4b-599e22ec3b0b',
  userId: '71898a6a-1795-4e47-b096-72a6b06fc269'
}
CTX: {
  tenantId: '087f0342-db64-4a25-bfd9-c247cb66d825',
  unitId: '208a3519-a515-4986-aa4b-599e22ec3b0b',
  userId: '71898a6a-1795-4e47-b096-72a6b06fc269'
}
CTX: {
  tenantId: '087f0342-db64-4a25-bfd9-c247cb66d825',
  unitId: '208a3519-a515-4986-aa4b-599e22ec3b0b',
  userId: '71898a6a-1795-4e47-b096-72a6b06fc269'
}
CTX: {
  tenantId: '087f0342-db64-4a25-bfd9-c247cb66d825',
  unitId: '208a3519-a515-4986-aa4b-599e22ec3b0b',
  userId: '71898a6a-1795-4e47-b096-72a6b06fc269'
}
CTX: {
  tenantId: '087f0342-db64-4a25-bfd9-c247cb66d825',
  unitId: '208a3519-a515-4986-aa4b-599e22ec3b0b',
  userId: '71898a6a-1795-4e47-b096-72a6b06fc269'
}
CTX: {
  tenantId: '087f0342-db64-4a25-bfd9-c247cb66d825',
  unitId: '208a3519-a515-4986-aa4b-599e22ec3b0b',
  userId: '71898a6a-1795-4e47-b096-72a6b06fc269'
}
CTX: {
  tenantId: '087f0342-db64-4a25-bfd9-c247cb66d825',
  unitId: '208a3519-a515-4986-aa4b-599e22ec3b0b',
  userId: '71898a6a-1795-4e47-b096-72a6b06fc269'
}
{"level":"info","timestamp":"2026-05-14T16:08:34.721Z","service":"erp-omnichannel","environment":"development","message":"[IMAP] Connected to imap.gmail.com","scope":"imap-worker"}
📧 EMAIL CONNECTED: testingforcompany.0@gmail.com
CTX: {
  tenantId: '087f0342-db64-4a25-bfd9-c247cb66d825',
  unitId: '208a3519-a515-4986-aa4b-599e22ec3b0b',
  userId: '71898a6a-1795-4e47-b096-72a6b06fc269'
}
📩 Incoming email from: djroman11221@gmail.com
📩 Subject: Re: Testing
CTX: {
  tenantId: '087f0342-db64-4a25-bfd9-c247cb66d825',
  unitId: '208a3519-a515-4986-aa4b-599e22ec3b0b',
  userId: '71898a6a-1795-4e47-b096-72a6b06fc269'
}
{"level":"info","timestamp":"2026-05-14T16:08:38.877Z","service":"erp-omnichannel","environment":"development","message":"Ignored duplicate inbound email via IMAP","scope":"imap-worker","externalMessageId":"<CAB+XejzrPfiwmGCMR2ti7H1q4wyvSea7sN_JL1T+GXhYJe9pCQ@mail.gmail.com>"}
{"level":"info","timestamp":"2026-05-14T16:08:38.884Z","service":"erp-omnichannel","environment":"development","message":"[IMAP] Processed email UID 24.","scope":"imap-worker"}
CTX: {
  tenantId: '087f0342-db64-4a25-bfd9-c247cb66d825',
  unitId: '208a3519-a515-4986-aa4b-599e22ec3b0b',
  userId: '71898a6a-1795-4e47-b096-72a6b06fc269'
}
CTX: {
  tenantId: '087f0342-db64-4a25-bfd9-c247cb66d825',
  unitId: '208a3519-a515-4986-aa4b-599e22ec3b0b',
  userId: '71898a6a-1795-4e47-b096-72a6b06fc269'
}
CTX: {
  tenantId: '087f0342-db64-4a25-bfd9-c247cb66d825',
  unitId: '208a3519-a515-4986-aa4b-599e22ec3b0b',
  userId: '71898a6a-1795-4e47-b096-72a6b06fc269'
}
CTX: {
  tenantId: '087f0342-db64-4a25-bfd9-c247cb66d825',
  unitId: '208a3519-a515-4986-aa4b-599e22ec3b0b',
  userId: '71898a6a-1795-4e47-b096-72a6b06fc269'
}
CTX: {
  tenantId: '087f0342-db64-4a25-bfd9-c247cb66d825',
  unitId: '208a3519-a515-4986-aa4b-599e22ec3b0b',
  userId: '71898a6a-1795-4e47-b096-72a6b06fc269'
}
CTX: {
  tenantId: '087f0342-db64-4a25-bfd9-c247cb66d825',
  unitId: '208a3519-a515-4986-aa4b-599e22ec3b0b',
  userId: '71898a6a-1795-4e47-b096-72a6b06fc269'
}
CTX: {
  tenantId: '087f0342-db64-4a25-bfd9-c247cb66d825',
  unitId: '208a3519-a515-4986-aa4b-599e22ec3b0b',
  userId: '71898a6a-1795-4e47-b096-72a6b06fc269'
}
CTX: {
  tenantId: '087f0342-db64-4a25-bfd9-c247cb66d825',
  unitId: '208a3519-a515-4986-aa4b-599e22ec3b0b',
  userId: '71898a6a-1795-4e47-b096-72a6b06fc269'
}
CTX: {
  tenantId: '087f0342-db64-4a25-bfd9-c247cb66d825',
  unitId: '208a3519-a515-4986-aa4b-599e22ec3b0b',
  userId: '71898a6a-1795-4e47-b096-72a6b06fc269'
}
CTX: {
  tenantId: '087f0342-db64-4a25-bfd9-c247cb66d825',
  unitId: '208a3519-a515-4986-aa4b-599e22ec3b0b',
  userId: '71898a6a-1795-4e47-b096-72a6b06fc269'
}
CTX: {
  tenantId: '087f0342-db64-4a25-bfd9-c247cb66d825',
  unitId: '208a3519-a515-4986-aa4b-599e22ec3b0b',
  userId: '71898a6a-1795-4e47-b096-72a6b06fc269'
}
CTX: {
  tenantId: '087f0342-db64-4a25-bfd9-c247cb66d825',
  unitId: '208a3519-a515-4986-aa4b-599e22ec3b0b',
  userId: '71898a6a-1795-4e47-b096-72a6b06fc269'
}
CTX: {
  tenantId: '087f0342-db64-4a25-bfd9-c247cb66d825',
  unitId: '208a3519-a515-4986-aa4b-599e22ec3b0b',
  userId: '71898a6a-1795-4e47-b096-72a6b06fc269'
}
CTX: {
  tenantId: '087f0342-db64-4a25-bfd9-c247cb66d825',
  unitId: '208a3519-a515-4986-aa4b-599e22ec3b0b',
  userId: '71898a6a-1795-4e47-b096-72a6b06fc269'
}
CTX: {
  tenantId: '087f0342-db64-4a25-bfd9-c247cb66d825',
  unitId: '208a3519-a515-4986-aa4b-599e22ec3b0b',
  userId: '71898a6a-1795-4e47-b096-72a6b06fc269'
}
CTX: {
  tenantId: '087f0342-db64-4a25-bfd9-c247cb66d825',
  unitId: '208a3519-a515-4986-aa4b-599e22ec3b0b',
  userId: '71898a6a-1795-4e47-b096-72a6b06fc269'
}
CTX: {
  tenantId: '087f0342-db64-4a25-bfd9-c247cb66d825',
  unitId: '208a3519-a515-4986-aa4b-599e22ec3b0b',
  userId: '71898a6a-1795-4e47-b096-72a6b06fc269'
}
CTX: {
  tenantId: '087f0342-db64-4a25-bfd9-c247cb66d825',
  unitId: '208a3519-a515-4986-aa4b-599e22ec3b0b',
  userId: '71898a6a-1795-4e47-b096-72a6b06fc269'
}
{"level":"info","timestamp":"2026-05-14T16:10:55.116Z","service":"erp-omnichannel","environment":"development","message":"[IMAP] Connected to imap.gmail.com","scope":"imap-worker"}
📧 EMAIL CONNECTED: testingforcompany.0@gmail.com
📩 Incoming email from: djroman11221@gmail.com
📩 Subject: Re: Testing
{"level":"info","timestamp":"2026-05-14T16:10:58.342Z","service":"erp-omnichannel","environment":"development","message":"Ignored duplicate inbound email via IMAP","scope":"imap-worker","externalMessageId":"<CAB+XejzrPfiwmGCMR2ti7H1q4wyvSea7sN_JL1T+GXhYJe9pCQ@mail.gmail.com>"}
{"level":"info","timestamp":"2026-05-14T16:10:58.349Z","service":"erp-omnichannel","environment":"development","message":"[IMAP] Processed email UID 24.","scope":"imap-worker"}
CTX: {
  tenantId: '087f0342-db64-4a25-bfd9-c247cb66d825',
  unitId: '208a3519-a515-4986-aa4b-599e22ec3b0b',
  userId: '71898a6a-1795-4e47-b096-72a6b06fc269'
}
CTX: {
  tenantId: '087f0342-db64-4a25-bfd9-c247cb66d825',
  unitId: '208a3519-a515-4986-aa4b-599e22ec3b0b',
  userId: '71898a6a-1795-4e47-b096-72a6b06fc269'
}
CTX: {
  tenantId: '087f0342-db64-4a25-bfd9-c247cb66d825',
  unitId: '208a3519-a515-4986-aa4b-599e22ec3b0b',
  userId: '71898a6a-1795-4e47-b096-72a6b06fc269'
}
CTX: {
  tenantId: '087f0342-db64-4a25-bfd9-c247cb66d825',
  unitId: '208a3519-a515-4986-aa4b-599e22ec3b0b',
  userId: '71898a6a-1795-4e47-b096-72a6b06fc269'
}
CTX: {
  tenantId: '087f0342-db64-4a25-bfd9-c247cb66d825',
  unitId: '208a3519-a515-4986-aa4b-599e22ec3b0b',
  userId: '71898a6a-1795-4e47-b096-72a6b06fc269'
}
CTX: {
  tenantId: '087f0342-db64-4a25-bfd9-c247cb66d825',
  unitId: '208a3519-a515-4986-aa4b-599e22ec3b0b',
  userId: '71898a6a-1795-4e47-b096-72a6b06fc269'
}
CTX: {
  tenantId: '087f0342-db64-4a25-bfd9-c247cb66d825',
  unitId: '208a3519-a515-4986-aa4b-599e22ec3b0b',
  userId: '71898a6a-1795-4e47-b096-72a6b06fc269'
}
CTX: {
  tenantId: '087f0342-db64-4a25-bfd9-c247cb66d825',
  unitId: '208a3519-a515-4986-aa4b-599e22ec3b0b',
  userId: '71898a6a-1795-4e47-b096-72a6b06fc269'
}
CTX: {
  tenantId: '087f0342-db64-4a25-bfd9-c247cb66d825',
  unitId: '208a3519-a515-4986-aa4b-599e22ec3b0b',
  userId: '71898a6a-1795-4e47-b096-72a6b06fc269'
}
CTX: {
  tenantId: '087f0342-db64-4a25-bfd9-c247cb66d825',
  unitId: '208a3519-a515-4986-aa4b-599e22ec3b0b',
  userId: '71898a6a-1795-4e47-b096-72a6b06fc269'
}
CTX: {
  tenantId: '087f0342-db64-4a25-bfd9-c247cb66d825',
  unitId: '208a3519-a515-4986-aa4b-599e22ec3b0b',
  userId: '71898a6a-1795-4e47-b096-72a6b06fc269'
}
CTX: {
  tenantId: '087f0342-db64-4a25-bfd9-c247cb66d825',
  unitId: '208a3519-a515-4986-aa4b-599e22ec3b0b',
  userId: '71898a6a-1795-4e47-b096-72a6b06fc269'
}
CTX: {
  tenantId: '087f0342-db64-4a25-bfd9-c247cb66d825',
  unitId: '208a3519-a515-4986-aa4b-599e22ec3b0b',
  userId: '71898a6a-1795-4e47-b096-72a6b06fc269'
}
CTX: {
  tenantId: '087f0342-db64-4a25-bfd9-c247cb66d825',
  unitId: '208a3519-a515-4986-aa4b-599e22ec3b0b',
  userId: '71898a6a-1795-4e47-b096-72a6b06fc269'
}
CTX: {
  tenantId: '087f0342-db64-4a25-bfd9-c247cb66d825',
  unitId: '208a3519-a515-4986-aa4b-599e22ec3b0b',
  userId: '71898a6a-1795-4e47-b096-72a6b06fc269'
}
CTX: {
  tenantId: '087f0342-db64-4a25-bfd9-c247cb66d825',
  unitId: '208a3519-a515-4986-aa4b-599e22ec3b0b',
  userId: '71898a6a-1795-4e47-b096-72a6b06fc269'
}
CTX: {
  tenantId: '087f0342-db64-4a25-bfd9-c247cb66d825',
  unitId: '208a3519-a515-4986-aa4b-599e22ec3b0b',
  userId: '71898a6a-1795-4e47-b096-72a6b06fc269'
}
CTX: {
  tenantId: '087f0342-db64-4a25-bfd9-c247cb66d825',
  unitId: '208a3519-a515-4986-aa4b-599e22ec3b0b',
  userId: '71898a6a-1795-4e47-b096-72a6b06fc269'
}
{"level":"info","timestamp":"2026-05-14T16:13:15.059Z","service":"erp-omnichannel","environment":"development","message":"[IMAP] Connected to imap.gmail.com","scope":"imap-worker"}
📧 EMAIL CONNECTED: testingforcompany.0@gmail.com
📩 Incoming email from: djroman11221@gmail.com
📩 Subject: Re: Testing
{"level":"info","timestamp":"2026-05-14T16:13:17.927Z","service":"erp-omnichannel","environment":"development","message":"Ignored duplicate inbound email via IMAP","scope":"imap-worker","externalMessageId":"<CAB+XejzrPfiwmGCMR2ti7H1q4wyvSea7sN_JL1T+GXhYJe9pCQ@mail.gmail.com>"}
{"level":"info","timestamp":"2026-05-14T16:13:17.936Z","service":"erp-omnichannel","environment":"development","message":"[IMAP] Processed email UID 24.","scope":"imap-worker"}
CTX: {
  tenantId: '087f0342-db64-4a25-bfd9-c247cb66d825',
  unitId: '208a3519-a515-4986-aa4b-599e22ec3b0b',
  userId: '71898a6a-1795-4e47-b096-72a6b06fc269'
}
CTX: {
  tenantId: '087f0342-db64-4a25-bfd9-c247cb66d825',
  unitId: '208a3519-a515-4986-aa4b-599e22ec3b0b',
  userId: '71898a6a-1795-4e47-b096-72a6b06fc269'
}
CTX: {
  tenantId: '087f0342-db64-4a25-bfd9-c247cb66d825',
  unitId: '208a3519-a515-4986-aa4b-599e22ec3b0b',
  userId: '71898a6a-1795-4e47-b096-72a6b06fc269'
}
CTX: {
  tenantId: '087f0342-db64-4a25-bfd9-c247cb66d825',
  unitId: '208a3519-a515-4986-aa4b-599e22ec3b0b',
  userId: '71898a6a-1795-4e47-b096-72a6b06fc269'
}
CTX: {
  tenantId: '087f0342-db64-4a25-bfd9-c247cb66d825',
  unitId: '208a3519-a515-4986-aa4b-599e22ec3b0b',
  userId: '71898a6a-1795-4e47-b096-72a6b06fc269'
}
CTX: {
  tenantId: '087f0342-db64-4a25-bfd9-c247cb66d825',
  unitId: '208a3519-a515-4986-aa4b-599e22ec3b0b',
  userId: '71898a6a-1795-4e47-b096-72a6b06fc269'
}
CTX: {
  tenantId: '087f0342-db64-4a25-bfd9-c247cb66d825',
  unitId: '208a3519-a515-4986-aa4b-599e22ec3b0b',
  userId: '71898a6a-1795-4e47-b096-72a6b06fc269'
}
CTX: {
  tenantId: '087f0342-db64-4a25-bfd9-c247cb66d825',
  unitId: '208a3519-a515-4986-aa4b-599e22ec3b0b',
  userId: '71898a6a-1795-4e47-b096-72a6b06fc269'
}
CTX: {
  tenantId: '087f0342-db64-4a25-bfd9-c247cb66d825',
  unitId: '208a3519-a515-4986-aa4b-599e22ec3b0b',
  userId: '71898a6a-1795-4e47-b096-72a6b06fc269'
}
CTX: {
  tenantId: '087f0342-db64-4a25-bfd9-c247cb66d825',
  unitId: '208a3519-a515-4986-aa4b-599e22ec3b0b',
  userId: '71898a6a-1795-4e47-b096-72a6b06fc269'
}
CTX: {
  tenantId: '087f0342-db64-4a25-bfd9-c247cb66d825',
  unitId: '208a3519-a515-4986-aa4b-599e22ec3b0b',
  userId: '71898a6a-1795-4e47-b096-72a6b06fc269'
}
CTX: {
  tenantId: '087f0342-db64-4a25-bfd9-c247cb66d825',
  unitId: '208a3519-a515-4986-aa4b-599e22ec3b0b',
  userId: '71898a6a-1795-4e47-b096-72a6b06fc269'
}
CTX: {
  tenantId: '087f0342-db64-4a25-bfd9-c247cb66d825',
  unitId: '208a3519-a515-4986-aa4b-599e22ec3b0b',
  userId: '71898a6a-1795-4e47-b096-72a6b06fc269'
}
CTX: {
  tenantId: '087f0342-db64-4a25-bfd9-c247cb66d825',
  unitId: '208a3519-a515-4986-aa4b-599e22ec3b0b',
  userId: '71898a6a-1795-4e47-b096-72a6b06fc269'
}
CTX: {
  tenantId: '087f0342-db64-4a25-bfd9-c247cb66d825',
  unitId: '208a3519-a515-4986-aa4b-599e22ec3b0b',
  userId: '71898a6a-1795-4e47-b096-72a6b06fc269'
}
CTX: {
  tenantId: '087f0342-db64-4a25-bfd9-c247cb66d825',
  unitId: '208a3519-a515-4986-aa4b-599e22ec3b0b',
  userId: '71898a6a-1795-4e47-b096-72a6b06fc269'
}
CTX: {
  tenantId: '087f0342-db64-4a25-bfd9-c247cb66d825',
  unitId: '208a3519-a515-4986-aa4b-599e22ec3b0b',
  userId: '71898a6a-1795-4e47-b096-72a6b06fc269'
}
CTX: {
  tenantId: '087f0342-db64-4a25-bfd9-c247cb66d825',
  unitId: '208a3519-a515-4986-aa4b-599e22ec3b0b',
  userId: '71898a6a-1795-4e47-b096-72a6b06fc269'
}
{"level":"info","timestamp":"2026-05-14T16:15:35.024Z","service":"erp-omnichannel","environment":"development","message":"[IMAP] Connected to imap.gmail.com","scope":"imap-worker"}
📧 EMAIL CONNECTED: testingforcompany.0@gmail.com
📩 Incoming email from: djroman11221@gmail.com
📩 Subject: Re: Testing
CTX: {
  tenantId: '087f0342-db64-4a25-bfd9-c247cb66d825',
  unitId: '208a3519-a515-4986-aa4b-599e22ec3b0b',
  userId: '71898a6a-1795-4e47-b096-72a6b06fc269'
}
CTX: {
  tenantId: '087f0342-db64-4a25-bfd9-c247cb66d825',
  unitId: '208a3519-a515-4986-aa4b-599e22ec3b0b',
  userId: '71898a6a-1795-4e47-b096-72a6b06fc269'
}
{"level":"info","timestamp":"2026-05-14T16:15:38.731Z","service":"erp-omnichannel","environment":"development","message":"Ignored duplicate inbound email via IMAP","scope":"imap-worker","externalMessageId":"<CAB+XejzrPfiwmGCMR2ti7H1q4wyvSea7sN_JL1T+GXhYJe9pCQ@mail.gmail.com>"}
{"level":"info","timestamp":"2026-05-14T16:15:38.731Z","service":"erp-omnichannel","environment":"development","message":"[IMAP] Processed email UID 24.","scope":"imap-worker"}
CTX: {
  tenantId: '087f0342-db64-4a25-bfd9-c247cb66d825',
  unitId: '208a3519-a515-4986-aa4b-599e22ec3b0b',
  userId: '71898a6a-1795-4e47-b096-72a6b06fc269'
}
CTX: {
  tenantId: '087f0342-db64-4a25-bfd9-c247cb66d825',
  unitId: '208a3519-a515-4986-aa4b-599e22ec3b0b',
  userId: '71898a6a-1795-4e47-b096-72a6b06fc269'
}
CTX: {
  tenantId: '087f0342-db64-4a25-bfd9-c247cb66d825',
  unitId: '208a3519-a515-4986-aa4b-599e22ec3b0b',
  userId: '71898a6a-1795-4e47-b096-72a6b06fc269'
}
CTX: {
  tenantId: '087f0342-db64-4a25-bfd9-c247cb66d825',
  unitId: '208a3519-a515-4986-aa4b-599e22ec3b0b',
  userId: '71898a6a-1795-4e47-b096-72a6b06fc269'
}
CTX: {
  tenantId: '087f0342-db64-4a25-bfd9-c247cb66d825',
  unitId: '208a3519-a515-4986-aa4b-599e22ec3b0b',
  userId: '71898a6a-1795-4e47-b096-72a6b06fc269'
}
CTX: {
  tenantId: '087f0342-db64-4a25-bfd9-c247cb66d825',
  unitId: '208a3519-a515-4986-aa4b-599e22ec3b0b',
  userId: '71898a6a-1795-4e47-b096-72a6b06fc269'
}
CTX: {
  tenantId: '087f0342-db64-4a25-bfd9-c247cb66d825',
  unitId: '208a3519-a515-4986-aa4b-599e22ec3b0b',
  userId: '71898a6a-1795-4e47-b096-72a6b06fc269'
}
CTX: {
  tenantId: '087f0342-db64-4a25-bfd9-c247cb66d825',
  unitId: '208a3519-a515-4986-aa4b-599e22ec3b0b',
  userId: '71898a6a-1795-4e47-b096-72a6b06fc269'
}
CTX: {
  tenantId: '087f0342-db64-4a25-bfd9-c247cb66d825',
  unitId: '208a3519-a515-4986-aa4b-599e22ec3b0b',
  userId: '71898a6a-1795-4e47-b096-72a6b06fc269'
}
CTX: {
  tenantId: '087f0342-db64-4a25-bfd9-c247cb66d825',
  unitId: '208a3519-a515-4986-aa4b-599e22ec3b0b',
  userId: '71898a6a-1795-4e47-b096-72a6b06fc269'
}
{"level":"info","timestamp":"2026-05-14T16:17:55.167Z","service":"erp-omnichannel","environment":"development","message":"[IMAP] Connected to imap.gmail.com","scope":"imap-worker"}
📧 EMAIL CONNECTED: testingforcompany.0@gmail.com
📩 Incoming email from: djroman11221@gmail.com
📩 Subject: Re: Testing
{"level":"info","timestamp":"2026-05-14T16:17:58.764Z","service":"erp-omnichannel","environment":"development","message":"Ignored duplicate inbound email via IMAP","scope":"imap-worker","externalMessageId":"<CAB+XejzrPfiwmGCMR2ti7H1q4wyvSea7sN_JL1T+GXhYJe9pCQ@mail.gmail.com>"}
{"level":"info","timestamp":"2026-05-14T16:17:58.764Z","service":"erp-omnichannel","environment":"development","message":"[IMAP] Processed email UID 24.","scope":"imap-worker"}
CTX: {
  tenantId: '087f0342-db64-4a25-bfd9-c247cb66d825',
  unitId: '208a3519-a515-4986-aa4b-599e22ec3b0b',
  userId: '71898a6a-1795-4e47-b096-72a6b06fc269'
}
CTX: {
  tenantId: '087f0342-db64-4a25-bfd9-c247cb66d825',
  unitId: '208a3519-a515-4986-aa4b-599e22ec3b0b',
  userId: '71898a6a-1795-4e47-b096-72a6b06fc269'
}
CTX: {
  tenantId: '087f0342-db64-4a25-bfd9-c247cb66d825',
  unitId: '208a3519-a515-4986-aa4b-599e22ec3b0b',
  userId: '71898a6a-1795-4e47-b096-72a6b06fc269'
}
CTX: {
  tenantId: '087f0342-db64-4a25-bfd9-c247cb66d825',
  unitId: '208a3519-a515-4986-aa4b-599e22ec3b0b',
  userId: '71898a6a-1795-4e47-b096-72a6b06fc269'
}
{"level":"info","timestamp":"2026-05-14T16:20:15.292Z","service":"erp-omnichannel","environment":"development","message":"[IMAP] Connected to imap.gmail.com","scope":"imap-worker"}
📧 EMAIL CONNECTED: testingforcompany.0@gmail.com
📩 Incoming email from: djroman11221@gmail.com
📩 Subject: Re: Testing
{"level":"info","timestamp":"2026-05-14T16:20:18.209Z","service":"erp-omnichannel","environment":"development","message":"Ignored duplicate inbound email via IMAP","scope":"imap-worker","externalMessageId":"<CAB+XejzrPfiwmGCMR2ti7H1q4wyvSea7sN_JL1T+GXhYJe9pCQ@mail.gmail.com>"}
{"level":"info","timestamp":"2026-05-14T16:20:18.210Z","service":"erp-omnichannel","environment":"development","message":"[IMAP] Processed email UID 24.","scope":"imap-worker"}
CTX: {
  tenantId: '087f0342-db64-4a25-bfd9-c247cb66d825',
  unitId: '208a3519-a515-4986-aa4b-599e22ec3b0b',
  userId: '71898a6a-1795-4e47-b096-72a6b06fc269'
}
CTX: {
  tenantId: '087f0342-db64-4a25-bfd9-c247cb66d825',
  unitId: '208a3519-a515-4986-aa4b-599e22ec3b0b',
  userId: '71898a6a-1795-4e47-b096-72a6b06fc269'
}
CTX: {
  tenantId: '087f0342-db64-4a25-bfd9-c247cb66d825',
  unitId: '208a3519-a515-4986-aa4b-599e22ec3b0b',
  userId: '71898a6a-1795-4e47-b096-72a6b06fc269'
}
CTX: {
  tenantId: '087f0342-db64-4a25-bfd9-c247cb66d825',
  unitId: '208a3519-a515-4986-aa4b-599e22ec3b0b',
  userId: '71898a6a-1795-4e47-b096-72a6b06fc269'
}
{"level":"info","timestamp":"2026-05-14T16:22:35.392Z","service":"erp-omnichannel","environment":"development","message":"[IMAP] Connected to imap.gmail.com","scope":"imap-worker"}
📧 EMAIL CONNECTED: testingforcompany.0@gmail.com
📩 Incoming email from: djroman11221@gmail.com
📩 Subject: Re: Testing
{"level":"info","timestamp":"2026-05-14T16:22:38.338Z","service":"erp-omnichannel","environment":"development","message":"Ignored duplicate inbound email via IMAP","scope":"imap-worker","externalMessageId":"<CAB+XejzrPfiwmGCMR2ti7H1q4wyvSea7sN_JL1T+GXhYJe9pCQ@mail.gmail.com>"}
{"level":"info","timestamp":"2026-05-14T16:22:38.340Z","service":"erp-omnichannel","environment":"development","message":"[IMAP] Processed email UID 24.","scope":"imap-worker"}
CTX: {
  tenantId: '087f0342-db64-4a25-bfd9-c247cb66d825',
  unitId: '208a3519-a515-4986-aa4b-599e22ec3b0b',
  userId: '71898a6a-1795-4e47-b096-72a6b06fc269'
}
CTX: {
  tenantId: '087f0342-db64-4a25-bfd9-c247cb66d825',
  unitId: '208a3519-a515-4986-aa4b-599e22ec3b0b',
  userId: '71898a6a-1795-4e47-b096-72a6b06fc269'
}
CTX: {
  tenantId: '087f0342-db64-4a25-bfd9-c247cb66d825',
  unitId: '208a3519-a515-4986-aa4b-599e22ec3b0b',
  userId: '71898a6a-1795-4e47-b096-72a6b06fc269'
}
CTX: {
  tenantId: '087f0342-db64-4a25-bfd9-c247cb66d825',
  unitId: '208a3519-a515-4986-aa4b-599e22ec3b0b',
  userId: '71898a6a-1795-4e47-b096-72a6b06fc269'
}
CTX: {
  tenantId: '087f0342-db64-4a25-bfd9-c247cb66d825',
  unitId: '208a3519-a515-4986-aa4b-599e22ec3b0b',
  userId: '71898a6a-1795-4e47-b096-72a6b06fc269'
}
CTX: {
  tenantId: '087f0342-db64-4a25-bfd9-c247cb66d825',
  unitId: '208a3519-a515-4986-aa4b-599e22ec3b0b',
  userId: '71898a6a-1795-4e47-b096-72a6b06fc269'
}
{"level":"info","timestamp":"2026-05-14T16:24:55.579Z","service":"erp-omnichannel","environment":"development","message":"[IMAP] Connected to imap.gmail.com","scope":"imap-worker"}
📧 EMAIL CONNECTED: testingforcompany.0@gmail.com
📩 Incoming email from: djroman11221@gmail.com
📩 Subject: Re: Testing
{"level":"info","timestamp":"2026-05-14T16:24:58.825Z","service":"erp-omnichannel","environment":"development","message":"Ignored duplicate inbound email via IMAP","scope":"imap-worker","externalMessageId":"<CAB+XejzrPfiwmGCMR2ti7H1q4wyvSea7sN_JL1T+GXhYJe9pCQ@mail.gmail.com>"}
{"level":"info","timestamp":"2026-05-14T16:24:58.826Z","service":"erp-omnichannel","environment":"development","message":"[IMAP] Processed email UID 24.","scope":"imap-worker"}
CTX: {
  tenantId: '087f0342-db64-4a25-bfd9-c247cb66d825',
  unitId: '208a3519-a515-4986-aa4b-599e22ec3b0b',
  userId: '71898a6a-1795-4e47-b096-72a6b06fc269'
}
CTX: {
  tenantId: '087f0342-db64-4a25-bfd9-c247cb66d825',
  unitId: '208a3519-a515-4986-aa4b-599e22ec3b0b',
  userId: '71898a6a-1795-4e47-b096-72a6b06fc269'
}
CTX: {
  tenantId: '087f0342-db64-4a25-bfd9-c247cb66d825',
  unitId: '208a3519-a515-4986-aa4b-599e22ec3b0b',
  userId: '71898a6a-1795-4e47-b096-72a6b06fc269'
}
CTX: {
  tenantId: '087f0342-db64-4a25-bfd9-c247cb66d825',
  unitId: '208a3519-a515-4986-aa4b-599e22ec3b0b',
  userId: '71898a6a-1795-4e47-b096-72a6b06fc269'
}
{"level":"info","timestamp":"2026-05-14T16:27:16.161Z","service":"erp-omnichannel","environment":"development","message":"[IMAP] Connected to imap.gmail.com","scope":"imap-worker"}
📧 EMAIL CONNECTED: testingforcompany.0@gmail.com
📩 Incoming email from: djroman11221@gmail.com
📩 Subject: Re: Testing
{"level":"info","timestamp":"2026-05-14T16:27:19.268Z","service":"erp-omnichannel","environment":"development","message":"Ignored duplicate inbound email via IMAP","scope":"imap-worker","externalMessageId":"<CAB+XejzrPfiwmGCMR2ti7H1q4wyvSea7sN_JL1T+GXhYJe9pCQ@mail.gmail.com>"}
{"level":"info","timestamp":"2026-05-14T16:27:19.268Z","service":"erp-omnichannel","environment":"development","message":"[IMAP] Processed email UID 24.","scope":"imap-worker"}
CTX: {
  tenantId: '087f0342-db64-4a25-bfd9-c247cb66d825',
  unitId: '208a3519-a515-4986-aa4b-599e22ec3b0b',
  userId: '71898a6a-1795-4e47-b096-72a6b06fc269'
}
CTX: {
  tenantId: '087f0342-db64-4a25-bfd9-c247cb66d825',
  unitId: '208a3519-a515-4986-aa4b-599e22ec3b0b',
  userId: '71898a6a-1795-4e47-b096-72a6b06fc269'
}
CTX: {
  tenantId: '087f0342-db64-4a25-bfd9-c247cb66d825',
  unitId: '208a3519-a515-4986-aa4b-599e22ec3b0b',
  userId: '71898a6a-1795-4e47-b096-72a6b06fc269'
}
CTX: {
  tenantId: '087f0342-db64-4a25-bfd9-c247cb66d825',
  unitId: '208a3519-a515-4986-aa4b-599e22ec3b0b',
  userId: '71898a6a-1795-4e47-b096-72a6b06fc269'
}
{"level":"info","timestamp":"2026-05-14T16:29:36.856Z","service":"erp-omnichannel","environment":"development","message":"[IMAP] Connected to imap.gmail.com","scope":"imap-worker"}
📧 EMAIL CONNECTED: testingforcompany.0@gmail.com
📩 Incoming email from: djroman11221@gmail.com
📩 Subject: Re: Testing
{"level":"info","timestamp":"2026-05-14T16:29:39.862Z","service":"erp-omnichannel","environment":"development","message":"Ignored duplicate inbound email via IMAP","scope":"imap-worker","externalMessageId":"<CAB+XejzrPfiwmGCMR2ti7H1q4wyvSea7sN_JL1T+GXhYJe9pCQ@mail.gmail.com>"}
{"level":"info","timestamp":"2026-05-14T16:29:39.865Z","service":"erp-omnichannel","environment":"development","message":"[IMAP] Processed email UID 24.","scope":"imap-worker"}
CTX: {
  tenantId: '087f0342-db64-4a25-bfd9-c247cb66d825',
  unitId: '208a3519-a515-4986-aa4b-599e22ec3b0b',
  userId: '71898a6a-1795-4e47-b096-72a6b06fc269'
}
CTX: {
  tenantId: '087f0342-db64-4a25-bfd9-c247cb66d825',
  unitId: '208a3519-a515-4986-aa4b-599e22ec3b0b',
  userId: '71898a6a-1795-4e47-b096-72a6b06fc269'
}
CTX: {
  tenantId: '087f0342-db64-4a25-bfd9-c247cb66d825',
  unitId: '208a3519-a515-4986-aa4b-599e22ec3b0b',
  userId: '71898a6a-1795-4e47-b096-72a6b06fc269'
}
CTX: {
  tenantId: '087f0342-db64-4a25-bfd9-c247cb66d825',
  unitId: '208a3519-a515-4986-aa4b-599e22ec3b0b',
  userId: '71898a6a-1795-4e47-b096-72a6b06fc269'
}
CTX: {
  tenantId: '087f0342-db64-4a25-bfd9-c247cb66d825',
  unitId: '208a3519-a515-4986-aa4b-599e22ec3b0b',
  userId: '71898a6a-1795-4e47-b096-72a6b06fc269'
}
CTX: {
  tenantId: '087f0342-db64-4a25-bfd9-c247cb66d825',
  unitId: '208a3519-a515-4986-aa4b-599e22ec3b0b',
  userId: '71898a6a-1795-4e47-b096-72a6b06fc269'
}
{"level":"info","timestamp":"2026-05-14T16:31:57.063Z","service":"erp-omnichannel","environment":"development","message":"[IMAP] Connected to imap.gmail.com","scope":"imap-worker"}
📧 EMAIL CONNECTED: testingforcompany.0@gmail.com
📩 Incoming email from: djroman11221@gmail.com
📩 Subject: Re: Testing
{"level":"info","timestamp":"2026-05-14T16:31:59.954Z","service":"erp-omnichannel","environment":"development","message":"Ignored duplicate inbound email via IMAP","scope":"imap-worker","externalMessageId":"<CAB+XejzrPfiwmGCMR2ti7H1q4wyvSea7sN_JL1T+GXhYJe9pCQ@mail.gmail.com>"}
{"level":"info","timestamp":"2026-05-14T16:31:59.956Z","service":"erp-omnichannel","environment":"development","message":"[IMAP] Processed email UID 24.","scope":"imap-worker"}
CTX: {
  tenantId: '087f0342-db64-4a25-bfd9-c247cb66d825',
  unitId: '208a3519-a515-4986-aa4b-599e22ec3b0b',
  userId: '71898a6a-1795-4e47-b096-72a6b06fc269'
}
CTX: {
  tenantId: '087f0342-db64-4a25-bfd9-c247cb66d825',
  unitId: '208a3519-a515-4986-aa4b-599e22ec3b0b',
  userId: '71898a6a-1795-4e47-b096-72a6b06fc269'
}
CTX: {
  tenantId: '087f0342-db64-4a25-bfd9-c247cb66d825',
  unitId: '208a3519-a515-4986-aa4b-599e22ec3b0b',
  userId: '71898a6a-1795-4e47-b096-72a6b06fc269'
}
CTX: {
  tenantId: '087f0342-db64-4a25-bfd9-c247cb66d825',
  unitId: '208a3519-a515-4986-aa4b-599e22ec3b0b',
  userId: '71898a6a-1795-4e47-b096-72a6b06fc269'
}
{"level":"info","timestamp":"2026-05-14T16:34:17.312Z","service":"erp-omnichannel","environment":"development","message":"[IMAP] Connected to imap.gmail.com","scope":"imap-worker"}
📧 EMAIL CONNECTED: testingforcompany.0@gmail.com
📩 Incoming email from: djroman11221@gmail.com
📩 Subject: Re: Testing
{"level":"info","timestamp":"2026-05-14T16:34:20.344Z","service":"erp-omnichannel","environment":"development","message":"Ignored duplicate inbound email via IMAP","scope":"imap-worker","externalMessageId":"<CAB+XejzrPfiwmGCMR2ti7H1q4wyvSea7sN_JL1T+GXhYJe9pCQ@mail.gmail.com>"}
{"level":"info","timestamp":"2026-05-14T16:34:20.346Z","service":"erp-omnichannel","environment":"development","message":"[IMAP] Processed email UID 24.","scope":"imap-worker"}
CTX: {
  tenantId: '087f0342-db64-4a25-bfd9-c247cb66d825',
  unitId: '208a3519-a515-4986-aa4b-599e22ec3b0b',
  userId: '71898a6a-1795-4e47-b096-72a6b06fc269'
}
CTX: {
  tenantId: '087f0342-db64-4a25-bfd9-c247cb66d825',
  unitId: '208a3519-a515-4986-aa4b-599e22ec3b0b',
  userId: '71898a6a-1795-4e47-b096-72a6b06fc269'
}
CTX: {
  tenantId: '087f0342-db64-4a25-bfd9-c247cb66d825',
  unitId: '208a3519-a515-4986-aa4b-599e22ec3b0b',
  userId: '71898a6a-1795-4e47-b096-72a6b06fc269'
}
CTX: {
  tenantId: '087f0342-db64-4a25-bfd9-c247cb66d825',
  unitId: '208a3519-a515-4986-aa4b-599e22ec3b0b',
  userId: '71898a6a-1795-4e47-b096-72a6b06fc269'
}
{"level":"info","timestamp":"2026-05-14T16:36:37.627Z","service":"erp-omnichannel","environment":"development","message":"[IMAP] Connected to imap.gmail.com","scope":"imap-worker"}
📧 EMAIL CONNECTED: testingforcompany.0@gmail.com
📩 Incoming email from: djroman11221@gmail.com
📩 Subject: Re: Testing
{"level":"info","timestamp":"2026-05-14T16:36:40.564Z","service":"erp-omnichannel","environment":"development","message":"Ignored duplicate inbound email via IMAP","scope":"imap-worker","externalMessageId":"<CAB+XejzrPfiwmGCMR2ti7H1q4wyvSea7sN_JL1T+GXhYJe9pCQ@mail.gmail.com>"}
{"level":"info","timestamp":"2026-05-14T16:36:40.564Z","service":"erp-omnichannel","environment":"development","message":"[IMAP] Processed email UID 24.","scope":"imap-worker"}
CTX: {
  tenantId: '087f0342-db64-4a25-bfd9-c247cb66d825',
  unitId: '208a3519-a515-4986-aa4b-599e22ec3b0b',
  userId: '71898a6a-1795-4e47-b096-72a6b06fc269'
}
CTX: {
  tenantId: '087f0342-db64-4a25-bfd9-c247cb66d825',
  unitId: '208a3519-a515-4986-aa4b-599e22ec3b0b',
  userId: '71898a6a-1795-4e47-b096-72a6b06fc269'
}
CTX: {
  tenantId: '087f0342-db64-4a25-bfd9-c247cb66d825',
  unitId: '208a3519-a515-4986-aa4b-599e22ec3b0b',
  userId: '71898a6a-1795-4e47-b096-72a6b06fc269'
}
CTX: {
  tenantId: '087f0342-db64-4a25-bfd9-c247cb66d825',
  unitId: '208a3519-a515-4986-aa4b-599e22ec3b0b',
  userId: '71898a6a-1795-4e47-b096-72a6b06fc269'
}
CTX: {
  tenantId: '087f0342-db64-4a25-bfd9-c247cb66d825',
  unitId: '208a3519-a515-4986-aa4b-599e22ec3b0b',
  userId: '71898a6a-1795-4e47-b096-72a6b06fc269'
}
CTX: {
  tenantId: '087f0342-db64-4a25-bfd9-c247cb66d825',
  unitId: '208a3519-a515-4986-aa4b-599e22ec3b0b',
  userId: '71898a6a-1795-4e47-b096-72a6b06fc269'
}
{"level":"info","timestamp":"2026-05-14T16:38:58.180Z","service":"erp-omnichannel","environment":"development","message":"[IMAP] Connected to imap.gmail.com","scope":"imap-worker"}
📧 EMAIL CONNECTED: testingforcompany.0@gmail.com
📩 Incoming email from: djroman11221@gmail.com
📩 Subject: Re: Testing
{"level":"info","timestamp":"2026-05-14T16:39:01.143Z","service":"erp-omnichannel","environment":"development","message":"Ignored duplicate inbound email via IMAP","scope":"imap-worker","externalMessageId":"<CAB+XejzrPfiwmGCMR2ti7H1q4wyvSea7sN_JL1T+GXhYJe9pCQ@mail.gmail.com>"}
{"level":"info","timestamp":"2026-05-14T16:39:01.145Z","service":"erp-omnichannel","environment":"development","message":"[IMAP] Processed email UID 24.","scope":"imap-worker"}
CTX: {
  tenantId: '087f0342-db64-4a25-bfd9-c247cb66d825',
  unitId: '208a3519-a515-4986-aa4b-599e22ec3b0b',
  userId: '71898a6a-1795-4e47-b096-72a6b06fc269'
}
CTX: {
  tenantId: '087f0342-db64-4a25-bfd9-c247cb66d825',
  unitId: '208a3519-a515-4986-aa4b-599e22ec3b0b',
  userId: '71898a6a-1795-4e47-b096-72a6b06fc269'
}
CTX: {
  tenantId: '087f0342-db64-4a25-bfd9-c247cb66d825',
  unitId: '208a3519-a515-4986-aa4b-599e22ec3b0b',
  userId: '71898a6a-1795-4e47-b096-72a6b06fc269'
}
CTX: {
  tenantId: '087f0342-db64-4a25-bfd9-c247cb66d825',
  unitId: '208a3519-a515-4986-aa4b-599e22ec3b0b',
  userId: '71898a6a-1795-4e47-b096-72a6b06fc269'
}
{"level":"info","timestamp":"2026-05-14T16:41:18.360Z","service":"erp-omnichannel","environment":"development","message":"[IMAP] Connected to imap.gmail.com","scope":"imap-worker"}
📧 EMAIL CONNECTED: testingforcompany.0@gmail.com
📩 Incoming email from: djroman11221@gmail.com
📩 Subject: Re: Testing
{"level":"info","timestamp":"2026-05-14T16:41:21.044Z","service":"erp-omnichannel","environment":"development","message":"Ignored duplicate inbound email via IMAP","scope":"imap-worker","externalMessageId":"<CAB+XejzrPfiwmGCMR2ti7H1q4wyvSea7sN_JL1T+GXhYJe9pCQ@mail.gmail.com>"}
{"level":"info","timestamp":"2026-05-14T16:41:21.045Z","service":"erp-omnichannel","environment":"development","message":"[IMAP] Processed email UID 24.","scope":"imap-worker"}
CTX: {
  tenantId: '087f0342-db64-4a25-bfd9-c247cb66d825',
  unitId: '208a3519-a515-4986-aa4b-599e22ec3b0b',
  userId: '71898a6a-1795-4e47-b096-72a6b06fc269'
}
CTX: {
  tenantId: '087f0342-db64-4a25-bfd9-c247cb66d825',
  unitId: '208a3519-a515-4986-aa4b-599e22ec3b0b',
  userId: '71898a6a-1795-4e47-b096-72a6b06fc269'
}
CTX: {
  tenantId: '087f0342-db64-4a25-bfd9-c247cb66d825',
  unitId: '208a3519-a515-4986-aa4b-599e22ec3b0b',
  userId: '71898a6a-1795-4e47-b096-72a6b06fc269'
}
CTX: {
  tenantId: '087f0342-db64-4a25-bfd9-c247cb66d825',
  unitId: '208a3519-a515-4986-aa4b-599e22ec3b0b',
  userId: '71898a6a-1795-4e47-b096-72a6b06fc269'
}
{"level":"info","timestamp":"2026-05-14T16:43:38.210Z","service":"erp-omnichannel","environment":"development","message":"[IMAP] Connected to imap.gmail.com","scope":"imap-worker"}
📧 EMAIL CONNECTED: testingforcompany.0@gmail.com
📩 Incoming email from: djroman11221@gmail.com
📩 Subject: Re: Testing
{"level":"info","timestamp":"2026-05-14T16:43:42.094Z","service":"erp-omnichannel","environment":"development","message":"Ignored duplicate inbound email via IMAP","scope":"imap-worker","externalMessageId":"<CAB+XejzrPfiwmGCMR2ti7H1q4wyvSea7sN_JL1T+GXhYJe9pCQ@mail.gmail.com>"}
{"level":"info","timestamp":"2026-05-14T16:43:42.097Z","service":"erp-omnichannel","environment":"development","message":"[IMAP] Processed email UID 24.","scope":"imap-worker"}
CTX: {
  tenantId: '087f0342-db64-4a25-bfd9-c247cb66d825',
  unitId: '208a3519-a515-4986-aa4b-599e22ec3b0b',
  userId: '71898a6a-1795-4e47-b096-72a6b06fc269'
}
CTX: {
  tenantId: '087f0342-db64-4a25-bfd9-c247cb66d825',
  unitId: '208a3519-a515-4986-aa4b-599e22ec3b0b',
  userId: '71898a6a-1795-4e47-b096-72a6b06fc269'
}
CTX: {
  tenantId: '087f0342-db64-4a25-bfd9-c247cb66d825',
  unitId: '208a3519-a515-4986-aa4b-599e22ec3b0b',
  userId: '71898a6a-1795-4e47-b096-72a6b06fc269'
}
CTX: {
  tenantId: '087f0342-db64-4a25-bfd9-c247cb66d825',
  unitId: '208a3519-a515-4986-aa4b-599e22ec3b0b',
  userId: '71898a6a-1795-4e47-b096-72a6b06fc269'
}
CTX: {
  tenantId: '087f0342-db64-4a25-bfd9-c247cb66d825',
  unitId: '208a3519-a515-4986-aa4b-599e22ec3b0b',
  userId: '71898a6a-1795-4e47-b096-72a6b06fc269'
}
CTX: {
  tenantId: '087f0342-db64-4a25-bfd9-c247cb66d825',
  unitId: '208a3519-a515-4986-aa4b-599e22ec3b0b',
  userId: '71898a6a-1795-4e47-b096-72a6b06fc269'
}
{"level":"info","timestamp":"2026-05-14T16:45:58.358Z","service":"erp-omnichannel","environment":"development","message":"[IMAP] Connected to imap.gmail.com","scope":"imap-worker"}
📧 EMAIL CONNECTED: testingforcompany.0@gmail.com
📩 Incoming email from: djroman11221@gmail.com
📩 Subject: Re: Testing
{"level":"info","timestamp":"2026-05-14T16:46:01.258Z","service":"erp-omnichannel","environment":"development","message":"Ignored duplicate inbound email via IMAP","scope":"imap-worker","externalMessageId":"<CAB+XejzrPfiwmGCMR2ti7H1q4wyvSea7sN_JL1T+GXhYJe9pCQ@mail.gmail.com>"}
{"level":"info","timestamp":"2026-05-14T16:46:01.259Z","service":"erp-omnichannel","environment":"development","message":"[IMAP] Processed email UID 24.","scope":"imap-worker"}
CTX: {
  tenantId: '087f0342-db64-4a25-bfd9-c247cb66d825',
  unitId: '208a3519-a515-4986-aa4b-599e22ec3b0b',
  userId: '71898a6a-1795-4e47-b096-72a6b06fc269'
}
CTX: {
  tenantId: '087f0342-db64-4a25-bfd9-c247cb66d825',
  unitId: '208a3519-a515-4986-aa4b-599e22ec3b0b',
  userId: '71898a6a-1795-4e47-b096-72a6b06fc269'
}
CTX: {
  tenantId: '087f0342-db64-4a25-bfd9-c247cb66d825',
  unitId: '208a3519-a515-4986-aa4b-599e22ec3b0b',
  userId: '71898a6a-1795-4e47-b096-72a6b06fc269'
}
CTX: {
  tenantId: '087f0342-db64-4a25-bfd9-c247cb66d825',
  unitId: '208a3519-a515-4986-aa4b-599e22ec3b0b',
  userId: '71898a6a-1795-4e47-b096-72a6b06fc269'
}
{"level":"info","timestamp":"2026-05-14T16:48:18.339Z","service":"erp-omnichannel","environment":"development","message":"[IMAP] Connected to imap.gmail.com","scope":"imap-worker"}
📧 EMAIL CONNECTED: testingforcompany.0@gmail.com
📩 Incoming email from: djroman11221@gmail.com
📩 Subject: Re: Testing
{"level":"info","timestamp":"2026-05-14T16:48:21.187Z","service":"erp-omnichannel","environment":"development","message":"Ignored duplicate inbound email via IMAP","scope":"imap-worker","externalMessageId":"<CAB+XejzrPfiwmGCMR2ti7H1q4wyvSea7sN_JL1T+GXhYJe9pCQ@mail.gmail.com>"}
{"level":"info","timestamp":"2026-05-14T16:48:21.187Z","service":"erp-omnichannel","environment":"development","message":"[IMAP] Processed email UID 24.","scope":"imap-worker"}
CTX: {
  tenantId: '087f0342-db64-4a25-bfd9-c247cb66d825',
  unitId: '208a3519-a515-4986-aa4b-599e22ec3b0b',
  userId: '71898a6a-1795-4e47-b096-72a6b06fc269'
}
CTX: {
  tenantId: '087f0342-db64-4a25-bfd9-c247cb66d825',
  unitId: '208a3519-a515-4986-aa4b-599e22ec3b0b',
  userId: '71898a6a-1795-4e47-b096-72a6b06fc269'
}
CTX: {
  tenantId: '087f0342-db64-4a25-bfd9-c247cb66d825',
  unitId: '208a3519-a515-4986-aa4b-599e22ec3b0b',
  userId: '71898a6a-1795-4e47-b096-72a6b06fc269'
}
CTX: {
  tenantId: '087f0342-db64-4a25-bfd9-c247cb66d825',
  unitId: '208a3519-a515-4986-aa4b-599e22ec3b0b',
  userId: '71898a6a-1795-4e47-b096-72a6b06fc269'
}
{"level":"info","timestamp":"2026-05-14T16:50:38.497Z","service":"erp-omnichannel","environment":"development","message":"[IMAP] Connected to imap.gmail.com","scope":"imap-worker"}
📧 EMAIL CONNECTED: testingforcompany.0@gmail.com
📩 Incoming email from: djroman11221@gmail.com
📩 Subject: Re: Testing
{"level":"info","timestamp":"2026-05-14T16:50:41.408Z","service":"erp-omnichannel","environment":"development","message":"Ignored duplicate inbound email via IMAP","scope":"imap-worker","externalMessageId":"<CAB+XejzrPfiwmGCMR2ti7H1q4wyvSea7sN_JL1T+GXhYJe9pCQ@mail.gmail.com>"}
{"level":"info","timestamp":"2026-05-14T16:50:41.409Z","service":"erp-omnichannel","environment":"development","message":"[IMAP] Processed email UID 24.","scope":"imap-worker"}
CTX: {
  tenantId: '087f0342-db64-4a25-bfd9-c247cb66d825',
  unitId: '208a3519-a515-4986-aa4b-599e22ec3b0b',
  userId: '71898a6a-1795-4e47-b096-72a6b06fc269'
}
CTX: {
  tenantId: '087f0342-db64-4a25-bfd9-c247cb66d825',
  unitId: '208a3519-a515-4986-aa4b-599e22ec3b0b',
  userId: '71898a6a-1795-4e47-b096-72a6b06fc269'
}
CTX: {
  tenantId: '087f0342-db64-4a25-bfd9-c247cb66d825',
  unitId: '208a3519-a515-4986-aa4b-599e22ec3b0b',
  userId: '71898a6a-1795-4e47-b096-72a6b06fc269'
}
CTX: {
  tenantId: '087f0342-db64-4a25-bfd9-c247cb66d825',
  unitId: '208a3519-a515-4986-aa4b-599e22ec3b0b',
  userId: '71898a6a-1795-4e47-b096-72a6b06fc269'
}
CTX: {
  tenantId: '087f0342-db64-4a25-bfd9-c247cb66d825',
  unitId: '208a3519-a515-4986-aa4b-599e22ec3b0b',
  userId: '71898a6a-1795-4e47-b096-72a6b06fc269'
}
CTX: {
  tenantId: '087f0342-db64-4a25-bfd9-c247cb66d825',
  unitId: '208a3519-a515-4986-aa4b-599e22ec3b0b',
  userId: '71898a6a-1795-4e47-b096-72a6b06fc269'
}
{"level":"info","timestamp":"2026-05-14T16:52:58.619Z","service":"erp-omnichannel","environment":"development","message":"[IMAP] Connected to imap.gmail.com","scope":"imap-worker"}
📧 EMAIL CONNECTED: testingforcompany.0@gmail.com
📩 Incoming email from: djroman11221@gmail.com
📩 Subject: Re: Testing
{"level":"info","timestamp":"2026-05-14T16:53:01.512Z","service":"erp-omnichannel","environment":"development","message":"Ignored duplicate inbound email via IMAP","scope":"imap-worker","externalMessageId":"<CAB+XejzrPfiwmGCMR2ti7H1q4wyvSea7sN_JL1T+GXhYJe9pCQ@mail.gmail.com>"}
{"level":"info","timestamp":"2026-05-14T16:53:01.514Z","service":"erp-omnichannel","environment":"development","message":"[IMAP] Processed email UID 24.","scope":"imap-worker"}
CTX: {
  tenantId: '087f0342-db64-4a25-bfd9-c247cb66d825',
  unitId: '208a3519-a515-4986-aa4b-599e22ec3b0b',
  userId: '71898a6a-1795-4e47-b096-72a6b06fc269'
}
CTX: {
  tenantId: '087f0342-db64-4a25-bfd9-c247cb66d825',
  unitId: '208a3519-a515-4986-aa4b-599e22ec3b0b',
  userId: '71898a6a-1795-4e47-b096-72a6b06fc269'
}
CTX: {
  tenantId: '087f0342-db64-4a25-bfd9-c247cb66d825',
  unitId: '208a3519-a515-4986-aa4b-599e22ec3b0b',
  userId: '71898a6a-1795-4e47-b096-72a6b06fc269'
}
CTX: {
  tenantId: '087f0342-db64-4a25-bfd9-c247cb66d825',
  unitId: '208a3519-a515-4986-aa4b-599e22ec3b0b',
  userId: '71898a6a-1795-4e47-b096-72a6b06fc269'
}
CTX: {
  tenantId: '087f0342-db64-4a25-bfd9-c247cb66d825',
  unitId: '208a3519-a515-4986-aa4b-599e22ec3b0b',
  userId: '71898a6a-1795-4e47-b096-72a6b06fc269'
}
CTX: {
  tenantId: '087f0342-db64-4a25-bfd9-c247cb66d825',
  unitId: '208a3519-a515-4986-aa4b-599e22ec3b0b',
  userId: '71898a6a-1795-4e47-b096-72a6b06fc269'
}
CTX: {
  tenantId: '087f0342-db64-4a25-bfd9-c247cb66d825',
  unitId: '208a3519-a515-4986-aa4b-599e22ec3b0b',
  userId: '71898a6a-1795-4e47-b096-72a6b06fc269'
}
CTX: {
  tenantId: '087f0342-db64-4a25-bfd9-c247cb66d825',
  unitId: '208a3519-a515-4986-aa4b-599e22ec3b0b',
  userId: '71898a6a-1795-4e47-b096-72a6b06fc269'
}
CTX: {
  tenantId: '087f0342-db64-4a25-bfd9-c247cb66d825',
  unitId: '208a3519-a515-4986-aa4b-599e22ec3b0b',
  userId: '71898a6a-1795-4e47-b096-72a6b06fc269'
}
CTX: {
  tenantId: '087f0342-db64-4a25-bfd9-c247cb66d825',
  unitId: '208a3519-a515-4986-aa4b-599e22ec3b0b',
  userId: '71898a6a-1795-4e47-b096-72a6b06fc269'
}
CTX: {
  tenantId: '087f0342-db64-4a25-bfd9-c247cb66d825',
  unitId: '208a3519-a515-4986-aa4b-599e22ec3b0b',
  userId: '71898a6a-1795-4e47-b096-72a6b06fc269'
}
CTX: {
  tenantId: '087f0342-db64-4a25-bfd9-c247cb66d825',
  unitId: '208a3519-a515-4986-aa4b-599e22ec3b0b',
  userId: '71898a6a-1795-4e47-b096-72a6b06fc269'
}
CTX: {
  tenantId: '087f0342-db64-4a25-bfd9-c247cb66d825',
  unitId: '208a3519-a515-4986-aa4b-599e22ec3b0b',
  userId: '71898a6a-1795-4e47-b096-72a6b06fc269'
}
CTX: {
  tenantId: '087f0342-db64-4a25-bfd9-c247cb66d825',
  unitId: '208a3519-a515-4986-aa4b-599e22ec3b0b',
  userId: '71898a6a-1795-4e47-b096-72a6b06fc269'
}
CTX: {
  tenantId: '087f0342-db64-4a25-bfd9-c247cb66d825',
  unitId: '208a3519-a515-4986-aa4b-599e22ec3b0b',
  userId: '71898a6a-1795-4e47-b096-72a6b06fc269'
}
CTX: {
  tenantId: '087f0342-db64-4a25-bfd9-c247cb66d825',
  unitId: '208a3519-a515-4986-aa4b-599e22ec3b0b',
  userId: '71898a6a-1795-4e47-b096-72a6b06fc269'
}
CTX: {
  tenantId: '087f0342-db64-4a25-bfd9-c247cb66d825',
  unitId: '208a3519-a515-4986-aa4b-599e22ec3b0b',
  userId: '71898a6a-1795-4e47-b096-72a6b06fc269'
}
CTX: {
  tenantId: '087f0342-db64-4a25-bfd9-c247cb66d825',
  unitId: '208a3519-a515-4986-aa4b-599e22ec3b0b',
  userId: '71898a6a-1795-4e47-b096-72a6b06fc269'
}
CTX: {
  tenantId: '087f0342-db64-4a25-bfd9-c247cb66d825',
  unitId: '208a3519-a515-4986-aa4b-599e22ec3b0b',
  userId: '71898a6a-1795-4e47-b096-72a6b06fc269'
}
{"level":"info","timestamp":"2026-05-14T16:55:18.866Z","service":"erp-omnichannel","environment":"development","message":"[IMAP] Connected to imap.gmail.com","scope":"imap-worker"}
📧 EMAIL CONNECTED: testingforcompany.0@gmail.com
📩 Incoming email from: djroman11221@gmail.com
📩 Subject: Re: Testing
{"level":"info","timestamp":"2026-05-14T16:55:22.127Z","service":"erp-omnichannel","environment":"development","message":"Ignored duplicate inbound email via IMAP","scope":"imap-worker","externalMessageId":"<CAB+XejzrPfiwmGCMR2ti7H1q4wyvSea7sN_JL1T+GXhYJe9pCQ@mail.gmail.com>"}
{"level":"info","timestamp":"2026-05-14T16:55:22.127Z","service":"erp-omnichannel","environment":"development","message":"[IMAP] Processed email UID 24.","scope":"imap-worker"}
CTX: {
  tenantId: '087f0342-db64-4a25-bfd9-c247cb66d825',
  unitId: '208a3519-a515-4986-aa4b-599e22ec3b0b',
  userId: '71898a6a-1795-4e47-b096-72a6b06fc269'
}
CTX: {
  tenantId: '087f0342-db64-4a25-bfd9-c247cb66d825',
  unitId: '208a3519-a515-4986-aa4b-599e22ec3b0b',
  userId: '71898a6a-1795-4e47-b096-72a6b06fc269'
}
CTX: {
  tenantId: '087f0342-db64-4a25-bfd9-c247cb66d825',
  unitId: '208a3519-a515-4986-aa4b-599e22ec3b0b',
  userId: '71898a6a-1795-4e47-b096-72a6b06fc269'
}
CTX: {
  tenantId: '087f0342-db64-4a25-bfd9-c247cb66d825',
  unitId: '208a3519-a515-4986-aa4b-599e22ec3b0b',
  userId: '71898a6a-1795-4e47-b096-72a6b06fc269'
}
{"level":"info","timestamp":"2026-05-14T16:57:39.127Z","service":"erp-omnichannel","environment":"development","message":"[IMAP] Connected to imap.gmail.com","scope":"imap-worker"}
📧 EMAIL CONNECTED: testingforcompany.0@gmail.com
📩 Incoming email from: djroman11221@gmail.com
📩 Subject: Re: Testing
{"level":"info","timestamp":"2026-05-14T16:57:42.025Z","service":"erp-omnichannel","environment":"development","message":"Ignored duplicate inbound email via IMAP","scope":"imap-worker","externalMessageId":"<CAB+XejzrPfiwmGCMR2ti7H1q4wyvSea7sN_JL1T+GXhYJe9pCQ@mail.gmail.com>"}
{"level":"info","timestamp":"2026-05-14T16:57:42.026Z","service":"erp-omnichannel","environment":"development","message":"[IMAP] Processed email UID 24.","scope":"imap-worker"}
CTX: {
  tenantId: '087f0342-db64-4a25-bfd9-c247cb66d825',
  unitId: '208a3519-a515-4986-aa4b-599e22ec3b0b',
  userId: '71898a6a-1795-4e47-b096-72a6b06fc269'
}
CTX: {
  tenantId: '087f0342-db64-4a25-bfd9-c247cb66d825',
  unitId: '208a3519-a515-4986-aa4b-599e22ec3b0b',
  userId: '71898a6a-1795-4e47-b096-72a6b06fc269'
}
CTX: {
  tenantId: '087f0342-db64-4a25-bfd9-c247cb66d825',
  unitId: '208a3519-a515-4986-aa4b-599e22ec3b0b',
  userId: '71898a6a-1795-4e47-b096-72a6b06fc269'
}
CTX: {
  tenantId: '087f0342-db64-4a25-bfd9-c247cb66d825',
  unitId: '208a3519-a515-4986-aa4b-599e22ec3b0b',
  userId: '71898a6a-1795-4e47-b096-72a6b06fc269'
}
CTX: {
  tenantId: '087f0342-db64-4a25-bfd9-c247cb66d825',
  unitId: '208a3519-a515-4986-aa4b-599e22ec3b0b',
  userId: '71898a6a-1795-4e47-b096-72a6b06fc269'
}
CTX: {
  tenantId: '087f0342-db64-4a25-bfd9-c247cb66d825',
  unitId: '208a3519-a515-4986-aa4b-599e22ec3b0b',
  userId: '71898a6a-1795-4e47-b096-72a6b06fc269'
}
{"level":"info","timestamp":"2026-05-14T16:59:59.451Z","service":"erp-omnichannel","environment":"development","message":"[IMAP] Connected to imap.gmail.com","scope":"imap-worker"}
📧 EMAIL CONNECTED: testingforcompany.0@gmail.com
📩 Incoming email from: djroman11221@gmail.com
📩 Subject: Re: Testing
{"level":"info","timestamp":"2026-05-14T17:00:02.594Z","service":"erp-omnichannel","environment":"development","message":"Ignored duplicate inbound email via IMAP","scope":"imap-worker","externalMessageId":"<CAB+XejzrPfiwmGCMR2ti7H1q4wyvSea7sN_JL1T+GXhYJe9pCQ@mail.gmail.com>"}
{"level":"info","timestamp":"2026-05-14T17:00:02.594Z","service":"erp-omnichannel","environment":"development","message":"[IMAP] Processed email UID 24.","scope":"imap-worker"}
CTX: {
  tenantId: '087f0342-db64-4a25-bfd9-c247cb66d825',
  unitId: '208a3519-a515-4986-aa4b-599e22ec3b0b',
  userId: '71898a6a-1795-4e47-b096-72a6b06fc269'
}
CTX: {
  tenantId: '087f0342-db64-4a25-bfd9-c247cb66d825',
  unitId: '208a3519-a515-4986-aa4b-599e22ec3b0b',
  userId: '71898a6a-1795-4e47-b096-72a6b06fc269'
}
CTX: {
  tenantId: '087f0342-db64-4a25-bfd9-c247cb66d825',
  unitId: '208a3519-a515-4986-aa4b-599e22ec3b0b',
  userId: '71898a6a-1795-4e47-b096-72a6b06fc269'
}
CTX: {
  tenantId: '087f0342-db64-4a25-bfd9-c247cb66d825',
  unitId: '208a3519-a515-4986-aa4b-599e22ec3b0b',
  userId: '71898a6a-1795-4e47-b096-72a6b06fc269'
}
{"level":"info","timestamp":"2026-05-14T17:02:19.749Z","service":"erp-omnichannel","environment":"development","message":"[IMAP] Connected to imap.gmail.com","scope":"imap-worker"}
📧 EMAIL CONNECTED: testingforcompany.0@gmail.com
📩 Incoming email from: djroman11221@gmail.com
📩 Subject: Re: Testing
{"level":"info","timestamp":"2026-05-14T17:02:23.055Z","service":"erp-omnichannel","environment":"development","message":"Ignored duplicate inbound email via IMAP","scope":"imap-worker","externalMessageId":"<CAB+XejzrPfiwmGCMR2ti7H1q4wyvSea7sN_JL1T+GXhYJe9pCQ@mail.gmail.com>"}
{"level":"info","timestamp":"2026-05-14T17:02:23.055Z","service":"erp-omnichannel","environment":"development","message":"[IMAP] Processed email UID 24.","scope":"imap-worker"}
CTX: {
  tenantId: '087f0342-db64-4a25-bfd9-c247cb66d825',
  unitId: '208a3519-a515-4986-aa4b-599e22ec3b0b',
  userId: '71898a6a-1795-4e47-b096-72a6b06fc269'
}
CTX: {
  tenantId: '087f0342-db64-4a25-bfd9-c247cb66d825',
  unitId: '208a3519-a515-4986-aa4b-599e22ec3b0b',
  userId: '71898a6a-1795-4e47-b096-72a6b06fc269'
}
CTX: {
  tenantId: '087f0342-db64-4a25-bfd9-c247cb66d825',
  unitId: '208a3519-a515-4986-aa4b-599e22ec3b0b',
  userId: '71898a6a-1795-4e47-b096-72a6b06fc269'
}
CTX: {
  tenantId: '087f0342-db64-4a25-bfd9-c247cb66d825',
  unitId: '208a3519-a515-4986-aa4b-599e22ec3b0b',
  userId: '71898a6a-1795-4e47-b096-72a6b06fc269'
}
{"level":"info","timestamp":"2026-05-14T17:04:40.641Z","service":"erp-omnichannel","environment":"development","message":"[IMAP] Connected to imap.gmail.com","scope":"imap-worker"}
📧 EMAIL CONNECTED: testingforcompany.0@gmail.com
📩 Incoming email from: djroman11221@gmail.com
📩 Subject: Re: Testing
{"level":"info","timestamp":"2026-05-14T17:04:44.109Z","service":"erp-omnichannel","environment":"development","message":"Ignored duplicate inbound email via IMAP","scope":"imap-worker","externalMessageId":"<CAB+XejzrPfiwmGCMR2ti7H1q4wyvSea7sN_JL1T+GXhYJe9pCQ@mail.gmail.com>"}
{"level":"info","timestamp":"2026-05-14T17:04:44.109Z","service":"erp-omnichannel","environment":"development","message":"[IMAP] Processed email UID 24.","scope":"imap-worker"}
CTX: {
  tenantId: '087f0342-db64-4a25-bfd9-c247cb66d825',
  unitId: '208a3519-a515-4986-aa4b-599e22ec3b0b',
  userId: '71898a6a-1795-4e47-b096-72a6b06fc269'
}
CTX: {
  tenantId: '087f0342-db64-4a25-bfd9-c247cb66d825',
  unitId: '208a3519-a515-4986-aa4b-599e22ec3b0b',
  userId: '71898a6a-1795-4e47-b096-72a6b06fc269'
}
CTX: {
  tenantId: '087f0342-db64-4a25-bfd9-c247cb66d825',
  unitId: '208a3519-a515-4986-aa4b-599e22ec3b0b',
  userId: '71898a6a-1795-4e47-b096-72a6b06fc269'
}
CTX: {
  tenantId: '087f0342-db64-4a25-bfd9-c247cb66d825',
  unitId: '208a3519-a515-4986-aa4b-599e22ec3b0b',
  userId: '71898a6a-1795-4e47-b096-72a6b06fc269'
}
CTX: {
  tenantId: '087f0342-db64-4a25-bfd9-c247cb66d825',
  unitId: '208a3519-a515-4986-aa4b-599e22ec3b0b',
  userId: '71898a6a-1795-4e47-b096-72a6b06fc269'
}
CTX: {
  tenantId: '087f0342-db64-4a25-bfd9-c247cb66d825',
  unitId: '208a3519-a515-4986-aa4b-599e22ec3b0b',
  userId: '71898a6a-1795-4e47-b096-72a6b06fc269'
}
{"level":"info","timestamp":"2026-05-14T17:07:01.193Z","service":"erp-omnichannel","environment":"development","message":"[IMAP] Connected to imap.gmail.com","scope":"imap-worker"}
📧 EMAIL CONNECTED: testingforcompany.0@gmail.com
📩 Incoming email from: djroman11221@gmail.com
📩 Subject: Re: Testing
{"level":"info","timestamp":"2026-05-14T17:07:04.233Z","service":"erp-omnichannel","environment":"development","message":"Ignored duplicate inbound email via IMAP","scope":"imap-worker","externalMessageId":"<CAB+XejzrPfiwmGCMR2ti7H1q4wyvSea7sN_JL1T+GXhYJe9pCQ@mail.gmail.com>"}
{"level":"info","timestamp":"2026-05-14T17:07:04.233Z","service":"erp-omnichannel","environment":"development","message":"[IMAP] Processed email UID 24.","scope":"imap-worker"}
CTX: {
  tenantId: '087f0342-db64-4a25-bfd9-c247cb66d825',
  unitId: '208a3519-a515-4986-aa4b-599e22ec3b0b',
  userId: '71898a6a-1795-4e47-b096-72a6b06fc269'
}
CTX: {
  tenantId: '087f0342-db64-4a25-bfd9-c247cb66d825',
  unitId: '208a3519-a515-4986-aa4b-599e22ec3b0b',
  userId: '71898a6a-1795-4e47-b096-72a6b06fc269'
}
CTX: {
  tenantId: '087f0342-db64-4a25-bfd9-c247cb66d825',
  unitId: '208a3519-a515-4986-aa4b-599e22ec3b0b',
  userId: '71898a6a-1795-4e47-b096-72a6b06fc269'
}
CTX: {
  tenantId: '087f0342-db64-4a25-bfd9-c247cb66d825',
  unitId: '208a3519-a515-4986-aa4b-599e22ec3b0b',
  userId: '71898a6a-1795-4e47-b096-72a6b06fc269'
}
CTX: {
  tenantId: '087f0342-db64-4a25-bfd9-c247cb66d825',
  unitId: '208a3519-a515-4986-aa4b-599e22ec3b0b',
  userId: '71898a6a-1795-4e47-b096-72a6b06fc269'
}
CTX: {
  tenantId: '087f0342-db64-4a25-bfd9-c247cb66d825',
  unitId: '208a3519-a515-4986-aa4b-599e22ec3b0b',
  userId: '71898a6a-1795-4e47-b096-72a6b06fc269'
}
CTX: {
  tenantId: '087f0342-db64-4a25-bfd9-c247cb66d825',
  unitId: '208a3519-a515-4986-aa4b-599e22ec3b0b',
  userId: '71898a6a-1795-4e47-b096-72a6b06fc269'
}
CTX: {
  tenantId: '087f0342-db64-4a25-bfd9-c247cb66d825',
  unitId: '208a3519-a515-4986-aa4b-599e22ec3b0b',
  userId: '71898a6a-1795-4e47-b096-72a6b06fc269'
}
CTX: {
  tenantId: '087f0342-db64-4a25-bfd9-c247cb66d825',
  unitId: '208a3519-a515-4986-aa4b-599e22ec3b0b',
  userId: '71898a6a-1795-4e47-b096-72a6b06fc269'
}
[SOCKET] Client disconnected: lRVRauddDKgseHUqAAAD
[SOCKET] Client connected: 2BQkfvQR8zax_oECAAAF
CTX: {
  tenantId: '087f0342-db64-4a25-bfd9-c247cb66d825',
  unitId: '208a3519-a515-4986-aa4b-599e22ec3b0b',
  userId: '71898a6a-1795-4e47-b096-72a6b06fc269'
}
CTX: {
  tenantId: '087f0342-db64-4a25-bfd9-c247cb66d825',
  unitId: '208a3519-a515-4986-aa4b-599e22ec3b0b',
  userId: '71898a6a-1795-4e47-b096-72a6b06fc269'
}
CTX: {
  tenantId: '087f0342-db64-4a25-bfd9-c247cb66d825',
  unitId: '208a3519-a515-4986-aa4b-599e22ec3b0b',
  userId: '71898a6a-1795-4e47-b096-72a6b06fc269'
}
CTX: {
  tenantId: '087f0342-db64-4a25-bfd9-c247cb66d825',
  unitId: '208a3519-a515-4986-aa4b-599e22ec3b0b',
  userId: '71898a6a-1795-4e47-b096-72a6b06fc269'
}
CTX: {
  tenantId: '087f0342-db64-4a25-bfd9-c247cb66d825',
  unitId: '208a3519-a515-4986-aa4b-599e22ec3b0b',
  userId: '71898a6a-1795-4e47-b096-72a6b06fc269'
}
CTX: {
  tenantId: '087f0342-db64-4a25-bfd9-c247cb66d825',
  unitId: '208a3519-a515-4986-aa4b-599e22ec3b0b',
  userId: '71898a6a-1795-4e47-b096-72a6b06fc269'
}
CTX: {
  tenantId: '087f0342-db64-4a25-bfd9-c247cb66d825',
  unitId: '208a3519-a515-4986-aa4b-599e22ec3b0b',
  userId: '71898a6a-1795-4e47-b096-72a6b06fc269'
}
{"level":"info","timestamp":"2026-05-14T17:09:21.630Z","service":"erp-omnichannel","environment":"development","message":"[IMAP] Connected to imap.gmail.com","scope":"imap-worker"}
📧 EMAIL CONNECTED: testingforcompany.0@gmail.com
📩 Incoming email from: djroman11221@gmail.com
📩 Subject: Re: Testing
{"level":"info","timestamp":"2026-05-14T17:09:24.596Z","service":"erp-omnichannel","environment":"development","message":"Ignored duplicate inbound email via IMAP","scope":"imap-worker","externalMessageId":"<CAB+XejzrPfiwmGCMR2ti7H1q4wyvSea7sN_JL1T+GXhYJe9pCQ@mail.gmail.com>"}
{"level":"info","timestamp":"2026-05-14T17:09:24.596Z","service":"erp-omnichannel","environment":"development","message":"[IMAP] Processed email UID 24.","scope":"imap-worker"}
CTX: {
  tenantId: '087f0342-db64-4a25-bfd9-c247cb66d825',
  unitId: '208a3519-a515-4986-aa4b-599e22ec3b0b',
  userId: '71898a6a-1795-4e47-b096-72a6b06fc269'
}
CTX: {
  tenantId: '087f0342-db64-4a25-bfd9-c247cb66d825',
  unitId: '208a3519-a515-4986-aa4b-599e22ec3b0b',
  userId: '71898a6a-1795-4e47-b096-72a6b06fc269'
}
CTX: {
  tenantId: '087f0342-db64-4a25-bfd9-c247cb66d825',
  unitId: '208a3519-a515-4986-aa4b-599e22ec3b0b',
  userId: '71898a6a-1795-4e47-b096-72a6b06fc269'
}
CTX: {
  tenantId: '087f0342-db64-4a25-bfd9-c247cb66d825',
  unitId: '208a3519-a515-4986-aa4b-599e22ec3b0b',
  userId: '71898a6a-1795-4e47-b096-72a6b06fc269'
}
CTX: {
  tenantId: '087f0342-db64-4a25-bfd9-c247cb66d825',
  unitId: '208a3519-a515-4986-aa4b-599e22ec3b0b',
  userId: '71898a6a-1795-4e47-b096-72a6b06fc269'
}
CTX: {
  tenantId: '087f0342-db64-4a25-bfd9-c247cb66d825',
  unitId: '208a3519-a515-4986-aa4b-599e22ec3b0b',
  userId: '71898a6a-1795-4e47-b096-72a6b06fc269'
}
CTX: {
  tenantId: '087f0342-db64-4a25-bfd9-c247cb66d825',
  unitId: '208a3519-a515-4986-aa4b-599e22ec3b0b',
  userId: '71898a6a-1795-4e47-b096-72a6b06fc269'
}
CTX: {
  tenantId: '087f0342-db64-4a25-bfd9-c247cb66d825',
  unitId: '208a3519-a515-4986-aa4b-599e22ec3b0b',
  userId: '71898a6a-1795-4e47-b096-72a6b06fc269'
}
CTX: {
  tenantId: '087f0342-db64-4a25-bfd9-c247cb66d825',
  unitId: '208a3519-a515-4986-aa4b-599e22ec3b0b',
  userId: '71898a6a-1795-4e47-b096-72a6b06fc269'
}
CTX: {
  tenantId: '087f0342-db64-4a25-bfd9-c247cb66d825',
  unitId: '208a3519-a515-4986-aa4b-599e22ec3b0b',
  userId: '71898a6a-1795-4e47-b096-72a6b06fc269'
}
CTX: {
  tenantId: '087f0342-db64-4a25-bfd9-c247cb66d825',
  unitId: '208a3519-a515-4986-aa4b-599e22ec3b0b',
  userId: '71898a6a-1795-4e47-b096-72a6b06fc269'
}
CTX: {
  tenantId: '087f0342-db64-4a25-bfd9-c247cb66d825',
  unitId: '208a3519-a515-4986-aa4b-599e22ec3b0b',
  userId: '71898a6a-1795-4e47-b096-72a6b06fc269'
}
CTX: {
  tenantId: '087f0342-db64-4a25-bfd9-c247cb66d825',
  unitId: '208a3519-a515-4986-aa4b-599e22ec3b0b',
  userId: '71898a6a-1795-4e47-b096-72a6b06fc269'
}
CTX: {
  tenantId: '087f0342-db64-4a25-bfd9-c247cb66d825',
  unitId: '208a3519-a515-4986-aa4b-599e22ec3b0b',
  userId: '71898a6a-1795-4e47-b096-72a6b06fc269'
}
CTX: {
  tenantId: '087f0342-db64-4a25-bfd9-c247cb66d825',
  unitId: '208a3519-a515-4986-aa4b-599e22ec3b0b',
  userId: '71898a6a-1795-4e47-b096-72a6b06fc269'
}
CTX: {
  tenantId: '087f0342-db64-4a25-bfd9-c247cb66d825',
  unitId: '208a3519-a515-4986-aa4b-599e22ec3b0b',
  userId: '71898a6a-1795-4e47-b096-72a6b06fc269'
}
CTX: {
  tenantId: '087f0342-db64-4a25-bfd9-c247cb66d825',
  unitId: '208a3519-a515-4986-aa4b-599e22ec3b0b',
  userId: '71898a6a-1795-4e47-b096-72a6b06fc269'
}
CTX: {
  tenantId: '087f0342-db64-4a25-bfd9-c247cb66d825',
  unitId: '208a3519-a515-4986-aa4b-599e22ec3b0b',
  userId: '71898a6a-1795-4e47-b096-72a6b06fc269'
}
CTX: {
  tenantId: '087f0342-db64-4a25-bfd9-c247cb66d825',
  unitId: '208a3519-a515-4986-aa4b-599e22ec3b0b',
  userId: '71898a6a-1795-4e47-b096-72a6b06fc269'
}
CTX: {
  tenantId: '087f0342-db64-4a25-bfd9-c247cb66d825',
  unitId: '208a3519-a515-4986-aa4b-599e22ec3b0b',
  userId: '71898a6a-1795-4e47-b096-72a6b06fc269'
}
CTX: {
  tenantId: '087f0342-db64-4a25-bfd9-c247cb66d825',
  unitId: '208a3519-a515-4986-aa4b-599e22ec3b0b',
  userId: '71898a6a-1795-4e47-b096-72a6b06fc269'
}
CTX: {
  tenantId: '087f0342-db64-4a25-bfd9-c247cb66d825',
  unitId: '208a3519-a515-4986-aa4b-599e22ec3b0b',
  userId: '71898a6a-1795-4e47-b096-72a6b06fc269'
}
CTX: {
  tenantId: '087f0342-db64-4a25-bfd9-c247cb66d825',
  unitId: '208a3519-a515-4986-aa4b-599e22ec3b0b',
  userId: '71898a6a-1795-4e47-b096-72a6b06fc269'
}
CTX: {
  tenantId: '087f0342-db64-4a25-bfd9-c247cb66d825',
  unitId: '208a3519-a515-4986-aa4b-599e22ec3b0b',
  userId: '71898a6a-1795-4e47-b096-72a6b06fc269'
}
CTX: {
  tenantId: '087f0342-db64-4a25-bfd9-c247cb66d825',
  unitId: '208a3519-a515-4986-aa4b-599e22ec3b0b',
  userId: '71898a6a-1795-4e47-b096-72a6b06fc269'
}
CTX: {
  tenantId: '087f0342-db64-4a25-bfd9-c247cb66d825',
  unitId: '208a3519-a515-4986-aa4b-599e22ec3b0b',
  userId: '71898a6a-1795-4e47-b096-72a6b06fc269'
}
CTX: {
  tenantId: '087f0342-db64-4a25-bfd9-c247cb66d825',
  unitId: '208a3519-a515-4986-aa4b-599e22ec3b0b',
  userId: '71898a6a-1795-4e47-b096-72a6b06fc269'
}
CTX: {
  tenantId: '087f0342-db64-4a25-bfd9-c247cb66d825',
  unitId: '208a3519-a515-4986-aa4b-599e22ec3b0b',
  userId: '71898a6a-1795-4e47-b096-72a6b06fc269'
}
CTX: {
  tenantId: '087f0342-db64-4a25-bfd9-c247cb66d825',
  unitId: '208a3519-a515-4986-aa4b-599e22ec3b0b',
  userId: '71898a6a-1795-4e47-b096-72a6b06fc269'
}
CTX: {
  tenantId: '087f0342-db64-4a25-bfd9-c247cb66d825',
  unitId: '208a3519-a515-4986-aa4b-599e22ec3b0b',
  userId: '71898a6a-1795-4e47-b096-72a6b06fc269'
}
CTX: {
  tenantId: '087f0342-db64-4a25-bfd9-c247cb66d825',
  unitId: '208a3519-a515-4986-aa4b-599e22ec3b0b',
  userId: '71898a6a-1795-4e47-b096-72a6b06fc269'
}
CTX: {
  tenantId: '087f0342-db64-4a25-bfd9-c247cb66d825',
  unitId: '208a3519-a515-4986-aa4b-599e22ec3b0b',
  userId: '71898a6a-1795-4e47-b096-72a6b06fc269'
}
CTX: {
  tenantId: '087f0342-db64-4a25-bfd9-c247cb66d825',
  unitId: '208a3519-a515-4986-aa4b-599e22ec3b0b',
  userId: '71898a6a-1795-4e47-b096-72a6b06fc269'
}
CTX: {
  tenantId: '087f0342-db64-4a25-bfd9-c247cb66d825',
  unitId: '208a3519-a515-4986-aa4b-599e22ec3b0b',
  userId: '71898a6a-1795-4e47-b096-72a6b06fc269'
}
{"level":"info","timestamp":"2026-05-14T17:11:42.914Z","service":"erp-omnichannel","environment":"development","message":"[IMAP] Connected to imap.gmail.com","scope":"imap-worker"}
📧 EMAIL CONNECTED: testingforcompany.0@gmail.com
📩 Incoming email from: djroman11221@gmail.com
📩 Subject: Re: Testing
CTX: {
  tenantId: '087f0342-db64-4a25-bfd9-c247cb66d825',
  unitId: '208a3519-a515-4986-aa4b-599e22ec3b0b',
  userId: '71898a6a-1795-4e47-b096-72a6b06fc269'
}
CTX: {
  tenantId: '087f0342-db64-4a25-bfd9-c247cb66d825',
  unitId: '208a3519-a515-4986-aa4b-599e22ec3b0b',
  userId: '71898a6a-1795-4e47-b096-72a6b06fc269'
}
{"level":"info","timestamp":"2026-05-14T17:11:49.955Z","service":"erp-omnichannel","environment":"development","message":"Ignored duplicate inbound email via IMAP","scope":"imap-worker","externalMessageId":"<CAB+XejzrPfiwmGCMR2ti7H1q4wyvSea7sN_JL1T+GXhYJe9pCQ@mail.gmail.com>"}
{"level":"info","timestamp":"2026-05-14T17:11:49.956Z","service":"erp-omnichannel","environment":"development","message":"[IMAP] Processed email UID 24.","scope":"imap-worker"}
CTX: {
  tenantId: '087f0342-db64-4a25-bfd9-c247cb66d825',
  unitId: '208a3519-a515-4986-aa4b-599e22ec3b0b',
  userId: '71898a6a-1795-4e47-b096-72a6b06fc269'
}
CTX: {
  tenantId: '087f0342-db64-4a25-bfd9-c247cb66d825',
  unitId: '208a3519-a515-4986-aa4b-599e22ec3b0b',
  userId: '71898a6a-1795-4e47-b096-72a6b06fc269'
}
CTX: {
  tenantId: '087f0342-db64-4a25-bfd9-c247cb66d825',
  unitId: '208a3519-a515-4986-aa4b-599e22ec3b0b',
  userId: '71898a6a-1795-4e47-b096-72a6b06fc269'
}
CTX: {
  tenantId: '087f0342-db64-4a25-bfd9-c247cb66d825',
  unitId: '208a3519-a515-4986-aa4b-599e22ec3b0b',
  userId: '71898a6a-1795-4e47-b096-72a6b06fc269'
}
CTX: {
  tenantId: '087f0342-db64-4a25-bfd9-c247cb66d825',
  unitId: '208a3519-a515-4986-aa4b-599e22ec3b0b',
  userId: '71898a6a-1795-4e47-b096-72a6b06fc269'
}
CTX: {
  tenantId: '087f0342-db64-4a25-bfd9-c247cb66d825',
  unitId: '208a3519-a515-4986-aa4b-599e22ec3b0b',
  userId: '71898a6a-1795-4e47-b096-72a6b06fc269'
}
CTX: {
  tenantId: '087f0342-db64-4a25-bfd9-c247cb66d825',
  unitId: '208a3519-a515-4986-aa4b-599e22ec3b0b',
  userId: '71898a6a-1795-4e47-b096-72a6b06fc269'
}
CTX: {
  tenantId: '087f0342-db64-4a25-bfd9-c247cb66d825',
  unitId: '208a3519-a515-4986-aa4b-599e22ec3b0b',
  userId: '71898a6a-1795-4e47-b096-72a6b06fc269'
}
CTX: {
  tenantId: '087f0342-db64-4a25-bfd9-c247cb66d825',
  unitId: '208a3519-a515-4986-aa4b-599e22ec3b0b',
  userId: '71898a6a-1795-4e47-b096-72a6b06fc269'
}
CTX: {
  tenantId: '087f0342-db64-4a25-bfd9-c247cb66d825',
  unitId: '208a3519-a515-4986-aa4b-599e22ec3b0b',
  userId: '71898a6a-1795-4e47-b096-72a6b06fc269'
}
CTX: {
  tenantId: '087f0342-db64-4a25-bfd9-c247cb66d825',
  unitId: '208a3519-a515-4986-aa4b-599e22ec3b0b',
  userId: '71898a6a-1795-4e47-b096-72a6b06fc269'
}
CTX: {
  tenantId: '087f0342-db64-4a25-bfd9-c247cb66d825',
  unitId: '208a3519-a515-4986-aa4b-599e22ec3b0b',
  userId: '71898a6a-1795-4e47-b096-72a6b06fc269'
}
CTX: {
  tenantId: '087f0342-db64-4a25-bfd9-c247cb66d825',
  unitId: '208a3519-a515-4986-aa4b-599e22ec3b0b',
  userId: '71898a6a-1795-4e47-b096-72a6b06fc269'
}
CTX: {
  tenantId: '087f0342-db64-4a25-bfd9-c247cb66d825',
  unitId: '208a3519-a515-4986-aa4b-599e22ec3b0b',
  userId: '71898a6a-1795-4e47-b096-72a6b06fc269'
}
CTX: {
  tenantId: '087f0342-db64-4a25-bfd9-c247cb66d825',
  unitId: '208a3519-a515-4986-aa4b-599e22ec3b0b',
  userId: '71898a6a-1795-4e47-b096-72a6b06fc269'
}
CTX: {
  tenantId: '087f0342-db64-4a25-bfd9-c247cb66d825',
  unitId: '208a3519-a515-4986-aa4b-599e22ec3b0b',
  userId: '71898a6a-1795-4e47-b096-72a6b06fc269'
}
CTX: {
  tenantId: '087f0342-db64-4a25-bfd9-c247cb66d825',
  unitId: '208a3519-a515-4986-aa4b-599e22ec3b0b',
  userId: '71898a6a-1795-4e47-b096-72a6b06fc269'
}
CTX: {
  tenantId: '087f0342-db64-4a25-bfd9-c247cb66d825',
  unitId: '208a3519-a515-4986-aa4b-599e22ec3b0b',
  userId: '71898a6a-1795-4e47-b096-72a6b06fc269'
}
CTX: {
  tenantId: '087f0342-db64-4a25-bfd9-c247cb66d825',
  unitId: '208a3519-a515-4986-aa4b-599e22ec3b0b',
  userId: '71898a6a-1795-4e47-b096-72a6b06fc269'
}
CTX: {
  tenantId: '087f0342-db64-4a25-bfd9-c247cb66d825',
  unitId: '208a3519-a515-4986-aa4b-599e22ec3b0b',
  userId: '71898a6a-1795-4e47-b096-72a6b06fc269'
}
CTX: {
  tenantId: '087f0342-db64-4a25-bfd9-c247cb66d825',
  unitId: '208a3519-a515-4986-aa4b-599e22ec3b0b',
  userId: '71898a6a-1795-4e47-b096-72a6b06fc269'
}
CTX: {
  tenantId: '087f0342-db64-4a25-bfd9-c247cb66d825',
  unitId: '208a3519-a515-4986-aa4b-599e22ec3b0b',
  userId: '71898a6a-1795-4e47-b096-72a6b06fc269'
}
CTX: {
  tenantId: '087f0342-db64-4a25-bfd9-c247cb66d825',
  unitId: '208a3519-a515-4986-aa4b-599e22ec3b0b',
  userId: '71898a6a-1795-4e47-b096-72a6b06fc269'
}
CTX: {
  tenantId: '087f0342-db64-4a25-bfd9-c247cb66d825',
  unitId: '208a3519-a515-4986-aa4b-599e22ec3b0b',
  userId: '71898a6a-1795-4e47-b096-72a6b06fc269'
}
CTX: {
  tenantId: '087f0342-db64-4a25-bfd9-c247cb66d825',
  unitId: '208a3519-a515-4986-aa4b-599e22ec3b0b',
  userId: '71898a6a-1795-4e47-b096-72a6b06fc269'
}
CTX: {
  tenantId: '087f0342-db64-4a25-bfd9-c247cb66d825',
  unitId: '208a3519-a515-4986-aa4b-599e22ec3b0b',
  userId: '71898a6a-1795-4e47-b096-72a6b06fc269'
}
CTX: {
  tenantId: '087f0342-db64-4a25-bfd9-c247cb66d825',
  unitId: '208a3519-a515-4986-aa4b-599e22ec3b0b',
  userId: '71898a6a-1795-4e47-b096-72a6b06fc269'
}
CTX: {
  tenantId: '087f0342-db64-4a25-bfd9-c247cb66d825',
  unitId: '208a3519-a515-4986-aa4b-599e22ec3b0b',
  userId: '71898a6a-1795-4e47-b096-72a6b06fc269'
}
CTX: {
  tenantId: '087f0342-db64-4a25-bfd9-c247cb66d825',
  unitId: '208a3519-a515-4986-aa4b-599e22ec3b0b',
  userId: '71898a6a-1795-4e47-b096-72a6b06fc269'
}
CTX: {
  tenantId: '087f0342-db64-4a25-bfd9-c247cb66d825',
  unitId: '208a3519-a515-4986-aa4b-599e22ec3b0b',
  userId: '71898a6a-1795-4e47-b096-72a6b06fc269'
}
CTX: {
  tenantId: '087f0342-db64-4a25-bfd9-c247cb66d825',
  unitId: '208a3519-a515-4986-aa4b-599e22ec3b0b',
  userId: '71898a6a-1795-4e47-b096-72a6b06fc269'
}
CTX: {
  tenantId: '087f0342-db64-4a25-bfd9-c247cb66d825',
  unitId: '208a3519-a515-4986-aa4b-599e22ec3b0b',
  userId: '71898a6a-1795-4e47-b096-72a6b06fc269'
}
CTX: {
  tenantId: '087f0342-db64-4a25-bfd9-c247cb66d825',
  unitId: '208a3519-a515-4986-aa4b-599e22ec3b0b',
  userId: '71898a6a-1795-4e47-b096-72a6b06fc269'
}
CTX: {
  tenantId: '087f0342-db64-4a25-bfd9-c247cb66d825',
  unitId: '208a3519-a515-4986-aa4b-599e22ec3b0b',
  userId: '71898a6a-1795-4e47-b096-72a6b06fc269'
}
CTX: {
  tenantId: '087f0342-db64-4a25-bfd9-c247cb66d825',
  unitId: '208a3519-a515-4986-aa4b-599e22ec3b0b',
  userId: '71898a6a-1795-4e47-b096-72a6b06fc269'
}
CTX: {
  tenantId: '087f0342-db64-4a25-bfd9-c247cb66d825',
  unitId: '208a3519-a515-4986-aa4b-599e22ec3b0b',
  userId: '71898a6a-1795-4e47-b096-72a6b06fc269'
}
CTX: {
  tenantId: '087f0342-db64-4a25-bfd9-c247cb66d825',
  unitId: '208a3519-a515-4986-aa4b-599e22ec3b0b',
  userId: '71898a6a-1795-4e47-b096-72a6b06fc269'
}
CTX: {
  tenantId: '087f0342-db64-4a25-bfd9-c247cb66d825',
  unitId: '208a3519-a515-4986-aa4b-599e22ec3b0b',
  userId: '71898a6a-1795-4e47-b096-72a6b06fc269'
}
{"level":"info","timestamp":"2026-05-14T17:14:04.299Z","service":"erp-omnichannel","environment":"development","message":"[IMAP] Connected to imap.gmail.com","scope":"imap-worker"}
📧 EMAIL CONNECTED: testingforcompany.0@gmail.com
📩 Incoming email from: djroman11221@gmail.com
📩 Subject: Re: Testing
{"level":"info","timestamp":"2026-05-14T17:14:07.174Z","service":"erp-omnichannel","environment":"development","message":"Ignored duplicate inbound email via IMAP","scope":"imap-worker","externalMessageId":"<CAB+XejzrPfiwmGCMR2ti7H1q4wyvSea7sN_JL1T+GXhYJe9pCQ@mail.gmail.com>"}
{"level":"info","timestamp":"2026-05-14T17:14:07.176Z","service":"erp-omnichannel","environment":"development","message":"[IMAP] Processed email UID 24.","scope":"imap-worker"}
CTX: {
  tenantId: '087f0342-db64-4a25-bfd9-c247cb66d825',
  unitId: '208a3519-a515-4986-aa4b-599e22ec3b0b',
  userId: '71898a6a-1795-4e47-b096-72a6b06fc269'
}
CTX: {
  tenantId: '087f0342-db64-4a25-bfd9-c247cb66d825',
  unitId: '208a3519-a515-4986-aa4b-599e22ec3b0b',
  userId: '71898a6a-1795-4e47-b096-72a6b06fc269'
}
CTX: {
  tenantId: '087f0342-db64-4a25-bfd9-c247cb66d825',
  unitId: '208a3519-a515-4986-aa4b-599e22ec3b0b',
  userId: '71898a6a-1795-4e47-b096-72a6b06fc269'
}
CTX: {
  tenantId: '087f0342-db64-4a25-bfd9-c247cb66d825',
  unitId: '208a3519-a515-4986-aa4b-599e22ec3b0b',
  userId: '71898a6a-1795-4e47-b096-72a6b06fc269'
}
CTX: {
  tenantId: '087f0342-db64-4a25-bfd9-c247cb66d825',
  unitId: '208a3519-a515-4986-aa4b-599e22ec3b0b',
  userId: '71898a6a-1795-4e47-b096-72a6b06fc269'
}
CTX: {
  tenantId: '087f0342-db64-4a25-bfd9-c247cb66d825',
  unitId: '208a3519-a515-4986-aa4b-599e22ec3b0b',
  userId: '71898a6a-1795-4e47-b096-72a6b06fc269'
}
CTX: {
  tenantId: '087f0342-db64-4a25-bfd9-c247cb66d825',
  unitId: '208a3519-a515-4986-aa4b-599e22ec3b0b',
  userId: '71898a6a-1795-4e47-b096-72a6b06fc269'
}
CTX: {
  tenantId: '087f0342-db64-4a25-bfd9-c247cb66d825',
  unitId: '208a3519-a515-4986-aa4b-599e22ec3b0b',
  userId: '71898a6a-1795-4e47-b096-72a6b06fc269'
}
CTX: {
  tenantId: '087f0342-db64-4a25-bfd9-c247cb66d825',
  unitId: '208a3519-a515-4986-aa4b-599e22ec3b0b',
  userId: '71898a6a-1795-4e47-b096-72a6b06fc269'
}
CTX: {
  tenantId: '087f0342-db64-4a25-bfd9-c247cb66d825',
  unitId: '208a3519-a515-4986-aa4b-599e22ec3b0b',
  userId: '71898a6a-1795-4e47-b096-72a6b06fc269'
}
CTX: {
  tenantId: '087f0342-db64-4a25-bfd9-c247cb66d825',
  unitId: '208a3519-a515-4986-aa4b-599e22ec3b0b',
  userId: '71898a6a-1795-4e47-b096-72a6b06fc269'
}
CTX: {
  tenantId: '087f0342-db64-4a25-bfd9-c247cb66d825',
  unitId: '208a3519-a515-4986-aa4b-599e22ec3b0b',
  userId: '71898a6a-1795-4e47-b096-72a6b06fc269'
}
CTX: {
  tenantId: '087f0342-db64-4a25-bfd9-c247cb66d825',
  unitId: '208a3519-a515-4986-aa4b-599e22ec3b0b',
  userId: '71898a6a-1795-4e47-b096-72a6b06fc269'
}
CTX: {
  tenantId: '087f0342-db64-4a25-bfd9-c247cb66d825',
  unitId: '208a3519-a515-4986-aa4b-599e22ec3b0b',
  userId: '71898a6a-1795-4e47-b096-72a6b06fc269'
}
CTX: {
  tenantId: '087f0342-db64-4a25-bfd9-c247cb66d825',
  unitId: '208a3519-a515-4986-aa4b-599e22ec3b0b',
  userId: '71898a6a-1795-4e47-b096-72a6b06fc269'
}
CTX: {
  tenantId: '087f0342-db64-4a25-bfd9-c247cb66d825',
  unitId: '208a3519-a515-4986-aa4b-599e22ec3b0b',
  userId: '71898a6a-1795-4e47-b096-72a6b06fc269'
}
CTX: {
  tenantId: '087f0342-db64-4a25-bfd9-c247cb66d825',
  unitId: '208a3519-a515-4986-aa4b-599e22ec3b0b',
  userId: '71898a6a-1795-4e47-b096-72a6b06fc269'
}
CTX: {
  tenantId: '087f0342-db64-4a25-bfd9-c247cb66d825',
  unitId: '208a3519-a515-4986-aa4b-599e22ec3b0b',
  userId: '71898a6a-1795-4e47-b096-72a6b06fc269'
}
CTX: {
  tenantId: '087f0342-db64-4a25-bfd9-c247cb66d825',
  unitId: '208a3519-a515-4986-aa4b-599e22ec3b0b',
  userId: '71898a6a-1795-4e47-b096-72a6b06fc269'
}
CTX: {
  tenantId: '087f0342-db64-4a25-bfd9-c247cb66d825',
  unitId: '208a3519-a515-4986-aa4b-599e22ec3b0b',
  userId: '71898a6a-1795-4e47-b096-72a6b06fc269'
}
CTX: {
  tenantId: '087f0342-db64-4a25-bfd9-c247cb66d825',
  unitId: '208a3519-a515-4986-aa4b-599e22ec3b0b',
  userId: '71898a6a-1795-4e47-b096-72a6b06fc269'
}
CTX: {
  tenantId: '087f0342-db64-4a25-bfd9-c247cb66d825',
  unitId: '208a3519-a515-4986-aa4b-599e22ec3b0b',
  userId: '71898a6a-1795-4e47-b096-72a6b06fc269'
}
CTX: {
  tenantId: '087f0342-db64-4a25-bfd9-c247cb66d825',
  unitId: '208a3519-a515-4986-aa4b-599e22ec3b0b',
  userId: '71898a6a-1795-4e47-b096-72a6b06fc269'
}
CTX: {
  tenantId: '087f0342-db64-4a25-bfd9-c247cb66d825',
  unitId: '208a3519-a515-4986-aa4b-599e22ec3b0b',
  userId: '71898a6a-1795-4e47-b096-72a6b06fc269'
}
{"level":"info","timestamp":"2026-05-14T17:16:24.428Z","service":"erp-omnichannel","environment":"development","message":"[IMAP] Connected to imap.gmail.com","scope":"imap-worker"}
📧 EMAIL CONNECTED: testingforcompany.0@gmail.com
📩 Incoming email from: djroman11221@gmail.com
📩 Subject: Re: Testing
{"level":"info","timestamp":"2026-05-14T17:16:27.527Z","service":"erp-omnichannel","environment":"development","message":"Ignored duplicate inbound email via IMAP","scope":"imap-worker","externalMessageId":"<CAB+XejzrPfiwmGCMR2ti7H1q4wyvSea7sN_JL1T+GXhYJe9pCQ@mail.gmail.com>"}
{"level":"info","timestamp":"2026-05-14T17:16:27.579Z","service":"erp-omnichannel","environment":"development","message":"[IMAP] Processed email UID 24.","scope":"imap-worker"}
CTX: {
  tenantId: '087f0342-db64-4a25-bfd9-c247cb66d825',
  unitId: '208a3519-a515-4986-aa4b-599e22ec3b0b',
  userId: '71898a6a-1795-4e47-b096-72a6b06fc269'
}
CTX: {
  tenantId: '087f0342-db64-4a25-bfd9-c247cb66d825',
  unitId: '208a3519-a515-4986-aa4b-599e22ec3b0b',
  userId: '71898a6a-1795-4e47-b096-72a6b06fc269'
}
CTX: {
  tenantId: '087f0342-db64-4a25-bfd9-c247cb66d825',
  unitId: '208a3519-a515-4986-aa4b-599e22ec3b0b',
  userId: '71898a6a-1795-4e47-b096-72a6b06fc269'
}
CTX: {
  tenantId: '087f0342-db64-4a25-bfd9-c247cb66d825',
  unitId: '208a3519-a515-4986-aa4b-599e22ec3b0b',
  userId: '71898a6a-1795-4e47-b096-72a6b06fc269'
}
CTX: {
  tenantId: '087f0342-db64-4a25-bfd9-c247cb66d825',
  unitId: '208a3519-a515-4986-aa4b-599e22ec3b0b',
  userId: '71898a6a-1795-4e47-b096-72a6b06fc269'
}
CTX: {
  tenantId: '087f0342-db64-4a25-bfd9-c247cb66d825',
  unitId: '208a3519-a515-4986-aa4b-599e22ec3b0b',
  userId: '71898a6a-1795-4e47-b096-72a6b06fc269'
}
CTX: {
  tenantId: '087f0342-db64-4a25-bfd9-c247cb66d825',
  unitId: '208a3519-a515-4986-aa4b-599e22ec3b0b',
  userId: '71898a6a-1795-4e47-b096-72a6b06fc269'
}
CTX: {
  tenantId: '087f0342-db64-4a25-bfd9-c247cb66d825',
  unitId: '208a3519-a515-4986-aa4b-599e22ec3b0b',
  userId: '71898a6a-1795-4e47-b096-72a6b06fc269'
}
CTX: {
  tenantId: '087f0342-db64-4a25-bfd9-c247cb66d825',
  unitId: '208a3519-a515-4986-aa4b-599e22ec3b0b',
  userId: '71898a6a-1795-4e47-b096-72a6b06fc269'
}
CTX: {
  tenantId: '087f0342-db64-4a25-bfd9-c247cb66d825',
  unitId: '208a3519-a515-4986-aa4b-599e22ec3b0b',
  userId: '71898a6a-1795-4e47-b096-72a6b06fc269'
}
CTX: {
  tenantId: '087f0342-db64-4a25-bfd9-c247cb66d825',
  unitId: '208a3519-a515-4986-aa4b-599e22ec3b0b',
  userId: '71898a6a-1795-4e47-b096-72a6b06fc269'
}
CTX: {
  tenantId: '087f0342-db64-4a25-bfd9-c247cb66d825',
  unitId: '208a3519-a515-4986-aa4b-599e22ec3b0b',
  userId: '71898a6a-1795-4e47-b096-72a6b06fc269'
}
CTX: {
  tenantId: '087f0342-db64-4a25-bfd9-c247cb66d825',
  unitId: '208a3519-a515-4986-aa4b-599e22ec3b0b',
  userId: '71898a6a-1795-4e47-b096-72a6b06fc269'
}
CTX: {
  tenantId: '087f0342-db64-4a25-bfd9-c247cb66d825',
  unitId: '208a3519-a515-4986-aa4b-599e22ec3b0b',
  userId: '71898a6a-1795-4e47-b096-72a6b06fc269'
}
CTX: {
  tenantId: '087f0342-db64-4a25-bfd9-c247cb66d825',
  unitId: '208a3519-a515-4986-aa4b-599e22ec3b0b',
  userId: '71898a6a-1795-4e47-b096-72a6b06fc269'
}
CTX: {
  tenantId: '087f0342-db64-4a25-bfd9-c247cb66d825',
  unitId: '208a3519-a515-4986-aa4b-599e22ec3b0b',
  userId: '71898a6a-1795-4e47-b096-72a6b06fc269'
}
CTX: {
  tenantId: '087f0342-db64-4a25-bfd9-c247cb66d825',
  unitId: '208a3519-a515-4986-aa4b-599e22ec3b0b',
  userId: '71898a6a-1795-4e47-b096-72a6b06fc269'
}
CTX: {
  tenantId: '087f0342-db64-4a25-bfd9-c247cb66d825',
  unitId: '208a3519-a515-4986-aa4b-599e22ec3b0b',
  userId: '71898a6a-1795-4e47-b096-72a6b06fc269'
}
CTX: {
  tenantId: '087f0342-db64-4a25-bfd9-c247cb66d825',
  unitId: '208a3519-a515-4986-aa4b-599e22ec3b0b',
  userId: '71898a6a-1795-4e47-b096-72a6b06fc269'
}
CTX: {
  tenantId: '087f0342-db64-4a25-bfd9-c247cb66d825',
  unitId: '208a3519-a515-4986-aa4b-599e22ec3b0b',
  userId: '71898a6a-1795-4e47-b096-72a6b06fc269'
}
CTX: {
  tenantId: '087f0342-db64-4a25-bfd9-c247cb66d825',
  unitId: '208a3519-a515-4986-aa4b-599e22ec3b0b',
  userId: '71898a6a-1795-4e47-b096-72a6b06fc269'
}
CTX: {
  tenantId: '087f0342-db64-4a25-bfd9-c247cb66d825',
  unitId: '208a3519-a515-4986-aa4b-599e22ec3b0b',
  userId: '71898a6a-1795-4e47-b096-72a6b06fc269'
}
CTX: {
  tenantId: '087f0342-db64-4a25-bfd9-c247cb66d825',
  unitId: '208a3519-a515-4986-aa4b-599e22ec3b0b',
  userId: '71898a6a-1795-4e47-b096-72a6b06fc269'
}
CTX: {
  tenantId: '087f0342-db64-4a25-bfd9-c247cb66d825',
  unitId: '208a3519-a515-4986-aa4b-599e22ec3b0b',
  userId: '71898a6a-1795-4e47-b096-72a6b06fc269'
}
CTX: {
  tenantId: '087f0342-db64-4a25-bfd9-c247cb66d825',
  unitId: '208a3519-a515-4986-aa4b-599e22ec3b0b',
  userId: '71898a6a-1795-4e47-b096-72a6b06fc269'
}
CTX: {
  tenantId: '087f0342-db64-4a25-bfd9-c247cb66d825',
  unitId: '208a3519-a515-4986-aa4b-599e22ec3b0b',
  userId: '71898a6a-1795-4e47-b096-72a6b06fc269'
}
CTX: {
  tenantId: '087f0342-db64-4a25-bfd9-c247cb66d825',
  unitId: '208a3519-a515-4986-aa4b-599e22ec3b0b',
  userId: '71898a6a-1795-4e47-b096-72a6b06fc269'
}
CTX: {
  tenantId: '087f0342-db64-4a25-bfd9-c247cb66d825',
  unitId: '208a3519-a515-4986-aa4b-599e22ec3b0b',
  userId: '71898a6a-1795-4e47-b096-72a6b06fc269'
}
CTX: {
  tenantId: '087f0342-db64-4a25-bfd9-c247cb66d825',
  unitId: '208a3519-a515-4986-aa4b-599e22ec3b0b',
  userId: '71898a6a-1795-4e47-b096-72a6b06fc269'
}
CTX: {
  tenantId: '087f0342-db64-4a25-bfd9-c247cb66d825',
  unitId: '208a3519-a515-4986-aa4b-599e22ec3b0b',
  userId: '71898a6a-1795-4e47-b096-72a6b06fc269'
}
CTX: {
  tenantId: '087f0342-db64-4a25-bfd9-c247cb66d825',
  unitId: '208a3519-a515-4986-aa4b-599e22ec3b0b',
  userId: '71898a6a-1795-4e47-b096-72a6b06fc269'
}
🔍 AI Anomaly Engine: Analyzing transaction for tenant 087f0342-db64-4a25-bfd9-c247cb66d825...
CTX: {
  tenantId: '087f0342-db64-4a25-bfd9-c247cb66d825',
  unitId: '208a3519-a515-4986-aa4b-599e22ec3b0b',
  userId: '71898a6a-1795-4e47-b096-72a6b06fc269'
}
{"level":"info","timestamp":"2026-05-14T17:18:44.428Z","service":"erp-omnichannel","environment":"development","message":"[IMAP] Connected to imap.gmail.com","scope":"imap-worker"}
📧 EMAIL CONNECTED: testingforcompany.0@gmail.com
CTX: {
  tenantId: '087f0342-db64-4a25-bfd9-c247cb66d825',
  unitId: '208a3519-a515-4986-aa4b-599e22ec3b0b',
  userId: '71898a6a-1795-4e47-b096-72a6b06fc269'
}
📩 Incoming email from: djroman11221@gmail.com
📩 Subject: Re: Testing
CTX: {
  tenantId: '087f0342-db64-4a25-bfd9-c247cb66d825',
  unitId: '208a3519-a515-4986-aa4b-599e22ec3b0b',
  userId: '71898a6a-1795-4e47-b096-72a6b06fc269'
}
CTX: {
  tenantId: '087f0342-db64-4a25-bfd9-c247cb66d825',
  unitId: '208a3519-a515-4986-aa4b-599e22ec3b0b',
  userId: '71898a6a-1795-4e47-b096-72a6b06fc269'
}
{"level":"info","timestamp":"2026-05-14T17:18:49.043Z","service":"erp-omnichannel","environment":"development","message":"Ignored duplicate inbound email via IMAP","scope":"imap-worker","externalMessageId":"<CAB+XejzrPfiwmGCMR2ti7H1q4wyvSea7sN_JL1T+GXhYJe9pCQ@mail.gmail.com>"}
{"level":"info","timestamp":"2026-05-14T17:18:49.043Z","service":"erp-omnichannel","environment":"development","message":"[IMAP] Processed email UID 24.","scope":"imap-worker"}
CTX: {
  tenantId: '087f0342-db64-4a25-bfd9-c247cb66d825',
  unitId: '208a3519-a515-4986-aa4b-599e22ec3b0b',
  userId: '71898a6a-1795-4e47-b096-72a6b06fc269'
}
CTX: {
  tenantId: '087f0342-db64-4a25-bfd9-c247cb66d825',
  unitId: '208a3519-a515-4986-aa4b-599e22ec3b0b',
  userId: '71898a6a-1795-4e47-b096-72a6b06fc269'
}
CTX: {
  tenantId: '087f0342-db64-4a25-bfd9-c247cb66d825',
  unitId: '208a3519-a515-4986-aa4b-599e22ec3b0b',
  userId: '71898a6a-1795-4e47-b096-72a6b06fc269'
}
🔍 AI Anomaly Engine: Analyzing transaction for tenant 087f0342-db64-4a25-bfd9-c247cb66d825...
CTX: {
  tenantId: '087f0342-db64-4a25-bfd9-c247cb66d825',
  unitId: '208a3519-a515-4986-aa4b-599e22ec3b0b',
  userId: '71898a6a-1795-4e47-b096-72a6b06fc269'
}
CTX: {
  tenantId: '087f0342-db64-4a25-bfd9-c247cb66d825',
  unitId: '208a3519-a515-4986-aa4b-599e22ec3b0b',
  userId: '71898a6a-1795-4e47-b096-72a6b06fc269'
}
CTX: {
  tenantId: '087f0342-db64-4a25-bfd9-c247cb66d825',
  unitId: '208a3519-a515-4986-aa4b-599e22ec3b0b',
  userId: '71898a6a-1795-4e47-b096-72a6b06fc269'
}
CTX: {
  tenantId: '087f0342-db64-4a25-bfd9-c247cb66d825',
  unitId: '208a3519-a515-4986-aa4b-599e22ec3b0b',
  userId: '71898a6a-1795-4e47-b096-72a6b06fc269'
}
CTX: {
  tenantId: '087f0342-db64-4a25-bfd9-c247cb66d825',
  unitId: '208a3519-a515-4986-aa4b-599e22ec3b0b',
  userId: '71898a6a-1795-4e47-b096-72a6b06fc269'
}
CTX: {
  tenantId: '087f0342-db64-4a25-bfd9-c247cb66d825',
  unitId: '208a3519-a515-4986-aa4b-599e22ec3b0b',
  userId: '71898a6a-1795-4e47-b096-72a6b06fc269'
}
CTX: {
  tenantId: '087f0342-db64-4a25-bfd9-c247cb66d825',
  unitId: '208a3519-a515-4986-aa4b-599e22ec3b0b',
  userId: '71898a6a-1795-4e47-b096-72a6b06fc269'
}
CTX: {
  tenantId: '087f0342-db64-4a25-bfd9-c247cb66d825',
  unitId: '208a3519-a515-4986-aa4b-599e22ec3b0b',
  userId: '71898a6a-1795-4e47-b096-72a6b06fc269'
}
CTX: {
  tenantId: '087f0342-db64-4a25-bfd9-c247cb66d825',
  unitId: '208a3519-a515-4986-aa4b-599e22ec3b0b',
  userId: '71898a6a-1795-4e47-b096-72a6b06fc269'
}
CTX: {
  tenantId: '087f0342-db64-4a25-bfd9-c247cb66d825',
  unitId: '208a3519-a515-4986-aa4b-599e22ec3b0b',
  userId: '71898a6a-1795-4e47-b096-72a6b06fc269'
}
CTX: {
  tenantId: '087f0342-db64-4a25-bfd9-c247cb66d825',
  unitId: '208a3519-a515-4986-aa4b-599e22ec3b0b',
  userId: '71898a6a-1795-4e47-b096-72a6b06fc269'
}
CTX: {
  tenantId: '087f0342-db64-4a25-bfd9-c247cb66d825',
  unitId: '208a3519-a515-4986-aa4b-599e22ec3b0b',
  userId: '71898a6a-1795-4e47-b096-72a6b06fc269'
}
CTX: {
  tenantId: '087f0342-db64-4a25-bfd9-c247cb66d825',
  unitId: '208a3519-a515-4986-aa4b-599e22ec3b0b',
  userId: '71898a6a-1795-4e47-b096-72a6b06fc269'
}
CTX: {
  tenantId: '087f0342-db64-4a25-bfd9-c247cb66d825',
  unitId: '208a3519-a515-4986-aa4b-599e22ec3b0b',
  userId: '71898a6a-1795-4e47-b096-72a6b06fc269'
}
CTX: {
  tenantId: '087f0342-db64-4a25-bfd9-c247cb66d825',
  unitId: '208a3519-a515-4986-aa4b-599e22ec3b0b',
  userId: '71898a6a-1795-4e47-b096-72a6b06fc269'
}
CTX: {
  tenantId: '087f0342-db64-4a25-bfd9-c247cb66d825',
  unitId: '208a3519-a515-4986-aa4b-599e22ec3b0b',
  userId: '71898a6a-1795-4e47-b096-72a6b06fc269'
}
CTX: {
  tenantId: '087f0342-db64-4a25-bfd9-c247cb66d825',
  unitId: '208a3519-a515-4986-aa4b-599e22ec3b0b',
  userId: '71898a6a-1795-4e47-b096-72a6b06fc269'
}
CTX: {
  tenantId: '087f0342-db64-4a25-bfd9-c247cb66d825',
  unitId: '208a3519-a515-4986-aa4b-599e22ec3b0b',
  userId: '71898a6a-1795-4e47-b096-72a6b06fc269'
}
CTX: {
  tenantId: '087f0342-db64-4a25-bfd9-c247cb66d825',
  unitId: '208a3519-a515-4986-aa4b-599e22ec3b0b',
  userId: '71898a6a-1795-4e47-b096-72a6b06fc269'
}
CTX: {
  tenantId: '087f0342-db64-4a25-bfd9-c247cb66d825',
  unitId: '208a3519-a515-4986-aa4b-599e22ec3b0b',
  userId: '71898a6a-1795-4e47-b096-72a6b06fc269'
}
CTX: {
  tenantId: '087f0342-db64-4a25-bfd9-c247cb66d825',
  unitId: '208a3519-a515-4986-aa4b-599e22ec3b0b',
  userId: '71898a6a-1795-4e47-b096-72a6b06fc269'
}
CTX: {
  tenantId: '087f0342-db64-4a25-bfd9-c247cb66d825',
  unitId: '208a3519-a515-4986-aa4b-599e22ec3b0b',
  userId: '71898a6a-1795-4e47-b096-72a6b06fc269'
}
CTX: {
  tenantId: '087f0342-db64-4a25-bfd9-c247cb66d825',
  unitId: '208a3519-a515-4986-aa4b-599e22ec3b0b',
  userId: '71898a6a-1795-4e47-b096-72a6b06fc269'
}
CTX: {
  tenantId: '087f0342-db64-4a25-bfd9-c247cb66d825',
  unitId: '208a3519-a515-4986-aa4b-599e22ec3b0b',
  userId: '71898a6a-1795-4e47-b096-72a6b06fc269'
}
{"level":"info","timestamp":"2026-05-14T17:21:04.617Z","service":"erp-omnichannel","environment":"development","message":"[IMAP] Connected to imap.gmail.com","scope":"imap-worker"}
📧 EMAIL CONNECTED: testingforcompany.0@gmail.com
📩 Incoming email from: djroman11221@gmail.com
📩 Subject: Re: Testing
{"level":"info","timestamp":"2026-05-14T17:21:07.648Z","service":"erp-omnichannel","environment":"development","message":"Ignored duplicate inbound email via IMAP","scope":"imap-worker","externalMessageId":"<CAB+XejzrPfiwmGCMR2ti7H1q4wyvSea7sN_JL1T+GXhYJe9pCQ@mail.gmail.com>"}
{"level":"info","timestamp":"2026-05-14T17:21:07.648Z","service":"erp-omnichannel","environment":"development","message":"[IMAP] Processed email UID 24.","scope":"imap-worker"}
CTX: {
  tenantId: '087f0342-db64-4a25-bfd9-c247cb66d825',
  unitId: '208a3519-a515-4986-aa4b-599e22ec3b0b',
  userId: '71898a6a-1795-4e47-b096-72a6b06fc269'
}
CTX: {
  tenantId: '087f0342-db64-4a25-bfd9-c247cb66d825',
  unitId: '208a3519-a515-4986-aa4b-599e22ec3b0b',
  userId: '71898a6a-1795-4e47-b096-72a6b06fc269'
}
CTX: {
  tenantId: '087f0342-db64-4a25-bfd9-c247cb66d825',
  unitId: '208a3519-a515-4986-aa4b-599e22ec3b0b',
  userId: '71898a6a-1795-4e47-b096-72a6b06fc269'
}
CTX: {
  tenantId: '087f0342-db64-4a25-bfd9-c247cb66d825',
  unitId: '208a3519-a515-4986-aa4b-599e22ec3b0b',
  userId: '71898a6a-1795-4e47-b096-72a6b06fc269'
}
CTX: {
  tenantId: '087f0342-db64-4a25-bfd9-c247cb66d825',
  unitId: '208a3519-a515-4986-aa4b-599e22ec3b0b',
  userId: '71898a6a-1795-4e47-b096-72a6b06fc269'
}
CTX: {
  tenantId: '087f0342-db64-4a25-bfd9-c247cb66d825',
  unitId: '208a3519-a515-4986-aa4b-599e22ec3b0b',
  userId: '71898a6a-1795-4e47-b096-72a6b06fc269'
}
CTX: {
  tenantId: '087f0342-db64-4a25-bfd9-c247cb66d825',
  unitId: '208a3519-a515-4986-aa4b-599e22ec3b0b',
  userId: '71898a6a-1795-4e47-b096-72a6b06fc269'
}
CTX: {
  tenantId: '087f0342-db64-4a25-bfd9-c247cb66d825',
  unitId: '208a3519-a515-4986-aa4b-599e22ec3b0b',
  userId: '71898a6a-1795-4e47-b096-72a6b06fc269'
}
CTX: {
  tenantId: '087f0342-db64-4a25-bfd9-c247cb66d825',
  unitId: '208a3519-a515-4986-aa4b-599e22ec3b0b',
  userId: '71898a6a-1795-4e47-b096-72a6b06fc269'
}
CTX: {
  tenantId: '087f0342-db64-4a25-bfd9-c247cb66d825',
  unitId: '208a3519-a515-4986-aa4b-599e22ec3b0b',
  userId: '71898a6a-1795-4e47-b096-72a6b06fc269'
}
CTX: {
  tenantId: '087f0342-db64-4a25-bfd9-c247cb66d825',
  unitId: '208a3519-a515-4986-aa4b-599e22ec3b0b',
  userId: '71898a6a-1795-4e47-b096-72a6b06fc269'
}
CTX: {
  tenantId: '087f0342-db64-4a25-bfd9-c247cb66d825',
  unitId: '208a3519-a515-4986-aa4b-599e22ec3b0b',
  userId: '71898a6a-1795-4e47-b096-72a6b06fc269'
}
CTX: {
  tenantId: '087f0342-db64-4a25-bfd9-c247cb66d825',
  unitId: '208a3519-a515-4986-aa4b-599e22ec3b0b',
  userId: '71898a6a-1795-4e47-b096-72a6b06fc269'
}
CTX: {
  tenantId: '087f0342-db64-4a25-bfd9-c247cb66d825',
  unitId: '208a3519-a515-4986-aa4b-599e22ec3b0b',
  userId: '71898a6a-1795-4e47-b096-72a6b06fc269'
}
CTX: {
  tenantId: '087f0342-db64-4a25-bfd9-c247cb66d825',
  unitId: '208a3519-a515-4986-aa4b-599e22ec3b0b',
  userId: '71898a6a-1795-4e47-b096-72a6b06fc269'
}
CTX: {
  tenantId: '087f0342-db64-4a25-bfd9-c247cb66d825',
  unitId: '208a3519-a515-4986-aa4b-599e22ec3b0b',
  userId: '71898a6a-1795-4e47-b096-72a6b06fc269'
}
CTX: {
  tenantId: '087f0342-db64-4a25-bfd9-c247cb66d825',
  unitId: '208a3519-a515-4986-aa4b-599e22ec3b0b',
  userId: '71898a6a-1795-4e47-b096-72a6b06fc269'
}
CTX: {
  tenantId: '087f0342-db64-4a25-bfd9-c247cb66d825',
  unitId: '208a3519-a515-4986-aa4b-599e22ec3b0b',
  userId: '71898a6a-1795-4e47-b096-72a6b06fc269'
}
{"level":"info","timestamp":"2026-05-14T17:23:24.910Z","service":"erp-omnichannel","environment":"development","message":"[IMAP] Connected to imap.gmail.com","scope":"imap-worker"}
📧 EMAIL CONNECTED: testingforcompany.0@gmail.com
📩 Incoming email from: djroman11221@gmail.com
📩 Subject: Re: Testing
{"level":"info","timestamp":"2026-05-14T17:23:27.786Z","service":"erp-omnichannel","environment":"development","message":"Ignored duplicate inbound email via IMAP","scope":"imap-worker","externalMessageId":"<CAB+XejzrPfiwmGCMR2ti7H1q4wyvSea7sN_JL1T+GXhYJe9pCQ@mail.gmail.com>"}
{"level":"info","timestamp":"2026-05-14T17:23:27.786Z","service":"erp-omnichannel","environment":"development","message":"[IMAP] Processed email UID 24.","scope":"imap-worker"}
CTX: {
  tenantId: '087f0342-db64-4a25-bfd9-c247cb66d825',
  unitId: '208a3519-a515-4986-aa4b-599e22ec3b0b',
  userId: '71898a6a-1795-4e47-b096-72a6b06fc269'
}
CTX: {
  tenantId: '087f0342-db64-4a25-bfd9-c247cb66d825',
  unitId: '208a3519-a515-4986-aa4b-599e22ec3b0b',
  userId: '71898a6a-1795-4e47-b096-72a6b06fc269'
}
CTX: {
  tenantId: '087f0342-db64-4a25-bfd9-c247cb66d825',
  unitId: '208a3519-a515-4986-aa4b-599e22ec3b0b',
  userId: '71898a6a-1795-4e47-b096-72a6b06fc269'
}
CTX: {
  tenantId: '087f0342-db64-4a25-bfd9-c247cb66d825',
  unitId: '208a3519-a515-4986-aa4b-599e22ec3b0b',
  userId: '71898a6a-1795-4e47-b096-72a6b06fc269'
}
CTX: {
  tenantId: '087f0342-db64-4a25-bfd9-c247cb66d825',
  unitId: '208a3519-a515-4986-aa4b-599e22ec3b0b',
  userId: '71898a6a-1795-4e47-b096-72a6b06fc269'
}
BODY UNIT: 97a057e6-be7b-4571-a686-d185bffed06d
CTX: {
  tenantId: '087f0342-db64-4a25-bfd9-c247cb66d825',
  unitId: '208a3519-a515-4986-aa4b-599e22ec3b0b',
  userId: '71898a6a-1795-4e47-b096-72a6b06fc269'
}
CTX: {
  tenantId: '087f0342-db64-4a25-bfd9-c247cb66d825',
  unitId: '208a3519-a515-4986-aa4b-599e22ec3b0b',
  userId: '71898a6a-1795-4e47-b096-72a6b06fc269'
}
CTX: {
  tenantId: '087f0342-db64-4a25-bfd9-c247cb66d825',
  unitId: '208a3519-a515-4986-aa4b-599e22ec3b0b',
  userId: '71898a6a-1795-4e47-b096-72a6b06fc269'
}
BODY UNIT: 97a057e6-be7b-4571-a686-d185bffed06d
CTX: {
  tenantId: '087f0342-db64-4a25-bfd9-c247cb66d825',
  unitId: '208a3519-a515-4986-aa4b-599e22ec3b0b',
  userId: '71898a6a-1795-4e47-b096-72a6b06fc269'
}
BODY UNIT: 97a057e6-be7b-4571-a686-d185bffed06d
CTX: {
  tenantId: '087f0342-db64-4a25-bfd9-c247cb66d825',
  unitId: '208a3519-a515-4986-aa4b-599e22ec3b0b',
  userId: '71898a6a-1795-4e47-b096-72a6b06fc269'
}
CTX: {
  tenantId: '087f0342-db64-4a25-bfd9-c247cb66d825',
  unitId: '208a3519-a515-4986-aa4b-599e22ec3b0b',
  userId: '71898a6a-1795-4e47-b096-72a6b06fc269'
}
CTX: {
  tenantId: '087f0342-db64-4a25-bfd9-c247cb66d825',
  unitId: '208a3519-a515-4986-aa4b-599e22ec3b0b',
  userId: '71898a6a-1795-4e47-b096-72a6b06fc269'
}
BODY UNIT: 97a057e6-be7b-4571-a686-d185bffed06d
CTX: {
  tenantId: '087f0342-db64-4a25-bfd9-c247cb66d825',
  unitId: '208a3519-a515-4986-aa4b-599e22ec3b0b',
  userId: '71898a6a-1795-4e47-b096-72a6b06fc269'
}
CTX: {
  tenantId: '087f0342-db64-4a25-bfd9-c247cb66d825',
  unitId: '208a3519-a515-4986-aa4b-599e22ec3b0b',
  userId: '71898a6a-1795-4e47-b096-72a6b06fc269'
}
CTX: {
  tenantId: '087f0342-db64-4a25-bfd9-c247cb66d825',
  unitId: '208a3519-a515-4986-aa4b-599e22ec3b0b',
  userId: '71898a6a-1795-4e47-b096-72a6b06fc269'
}
CTX: {
  tenantId: '087f0342-db64-4a25-bfd9-c247cb66d825',
  unitId: '208a3519-a515-4986-aa4b-599e22ec3b0b',
  userId: '71898a6a-1795-4e47-b096-72a6b06fc269'
}
CTX: {
  tenantId: '087f0342-db64-4a25-bfd9-c247cb66d825',
  unitId: '208a3519-a515-4986-aa4b-599e22ec3b0b',
  userId: '71898a6a-1795-4e47-b096-72a6b06fc269'
}
CTX: {
  tenantId: '087f0342-db64-4a25-bfd9-c247cb66d825',
  unitId: '208a3519-a515-4986-aa4b-599e22ec3b0b',
  userId: '71898a6a-1795-4e47-b096-72a6b06fc269'
}
CTX: {
  tenantId: '087f0342-db64-4a25-bfd9-c247cb66d825',
  unitId: '208a3519-a515-4986-aa4b-599e22ec3b0b',
  userId: '71898a6a-1795-4e47-b096-72a6b06fc269'
}
CTX: {
  tenantId: '087f0342-db64-4a25-bfd9-c247cb66d825',
  unitId: '208a3519-a515-4986-aa4b-599e22ec3b0b',
  userId: '71898a6a-1795-4e47-b096-72a6b06fc269'
}
CTX: {
  tenantId: '087f0342-db64-4a25-bfd9-c247cb66d825',
  unitId: '208a3519-a515-4986-aa4b-599e22ec3b0b',
  userId: '71898a6a-1795-4e47-b096-72a6b06fc269'
}
CTX: {
  tenantId: '087f0342-db64-4a25-bfd9-c247cb66d825',
  unitId: '208a3519-a515-4986-aa4b-599e22ec3b0b',
  userId: '71898a6a-1795-4e47-b096-72a6b06fc269'
}
CTX: {
  tenantId: '087f0342-db64-4a25-bfd9-c247cb66d825',
  unitId: '208a3519-a515-4986-aa4b-599e22ec3b0b',
  userId: '71898a6a-1795-4e47-b096-72a6b06fc269'
}
CTX: {
  tenantId: '087f0342-db64-4a25-bfd9-c247cb66d825',
  unitId: '208a3519-a515-4986-aa4b-599e22ec3b0b',
  userId: '71898a6a-1795-4e47-b096-72a6b06fc269'
}
CTX: {
  tenantId: '087f0342-db64-4a25-bfd9-c247cb66d825',
  unitId: '208a3519-a515-4986-aa4b-599e22ec3b0b',
  userId: '71898a6a-1795-4e47-b096-72a6b06fc269'
}
CTX: {
  tenantId: '087f0342-db64-4a25-bfd9-c247cb66d825',
  unitId: '208a3519-a515-4986-aa4b-599e22ec3b0b',
  userId: '71898a6a-1795-4e47-b096-72a6b06fc269'
}
CTX: {
  tenantId: '087f0342-db64-4a25-bfd9-c247cb66d825',
  unitId: '208a3519-a515-4986-aa4b-599e22ec3b0b',
  userId: '71898a6a-1795-4e47-b096-72a6b06fc269'
}
{"level":"info","timestamp":"2026-05-14T17:25:45.260Z","service":"erp-omnichannel","environment":"development","message":"[IMAP] Connected to imap.gmail.com","scope":"imap-worker"}
📧 EMAIL CONNECTED: testingforcompany.0@gmail.com
CTX: {
  tenantId: '087f0342-db64-4a25-bfd9-c247cb66d825',
  unitId: '208a3519-a515-4986-aa4b-599e22ec3b0b',
  userId: '71898a6a-1795-4e47-b096-72a6b06fc269'
}
CTX: {
  tenantId: '087f0342-db64-4a25-bfd9-c247cb66d825',
  unitId: '208a3519-a515-4986-aa4b-599e22ec3b0b',
  userId: '71898a6a-1795-4e47-b096-72a6b06fc269'
}
📩 Incoming email from: djroman11221@gmail.com
📩 Subject: Re: Testing
{"level":"info","timestamp":"2026-05-14T17:25:48.491Z","service":"erp-omnichannel","environment":"development","message":"Ignored duplicate inbound email via IMAP","scope":"imap-worker","externalMessageId":"<CAB+XejzrPfiwmGCMR2ti7H1q4wyvSea7sN_JL1T+GXhYJe9pCQ@mail.gmail.com>"}
{"level":"info","timestamp":"2026-05-14T17:25:48.492Z","service":"erp-omnichannel","environment":"development","message":"[IMAP] Processed email UID 24.","scope":"imap-worker"}
CTX: {
  tenantId: '087f0342-db64-4a25-bfd9-c247cb66d825',
  unitId: '208a3519-a515-4986-aa4b-599e22ec3b0b',
  userId: '71898a6a-1795-4e47-b096-72a6b06fc269'
}
CTX: {
  tenantId: '087f0342-db64-4a25-bfd9-c247cb66d825',
  unitId: '208a3519-a515-4986-aa4b-599e22ec3b0b',
  userId: '71898a6a-1795-4e47-b096-72a6b06fc269'
}
CTX: {
  tenantId: '087f0342-db64-4a25-bfd9-c247cb66d825',
  unitId: '208a3519-a515-4986-aa4b-599e22ec3b0b',
  userId: '71898a6a-1795-4e47-b096-72a6b06fc269'
}
CTX: {
  tenantId: '087f0342-db64-4a25-bfd9-c247cb66d825',
  unitId: '208a3519-a515-4986-aa4b-599e22ec3b0b',
  userId: '71898a6a-1795-4e47-b096-72a6b06fc269'
}
CTX: {
  tenantId: '087f0342-db64-4a25-bfd9-c247cb66d825',
  unitId: '208a3519-a515-4986-aa4b-599e22ec3b0b',
  userId: '71898a6a-1795-4e47-b096-72a6b06fc269'
}
CTX: {
  tenantId: '087f0342-db64-4a25-bfd9-c247cb66d825',
  unitId: '208a3519-a515-4986-aa4b-599e22ec3b0b',
  userId: '71898a6a-1795-4e47-b096-72a6b06fc269'
}
CTX: {
  tenantId: '087f0342-db64-4a25-bfd9-c247cb66d825',
  unitId: '208a3519-a515-4986-aa4b-599e22ec3b0b',
  userId: '71898a6a-1795-4e47-b096-72a6b06fc269'
}
CTX: {
  tenantId: '087f0342-db64-4a25-bfd9-c247cb66d825',
  unitId: '208a3519-a515-4986-aa4b-599e22ec3b0b',
  userId: '71898a6a-1795-4e47-b096-72a6b06fc269'
}
CTX: {
  tenantId: '087f0342-db64-4a25-bfd9-c247cb66d825',
  unitId: '208a3519-a515-4986-aa4b-599e22ec3b0b',
  userId: '71898a6a-1795-4e47-b096-72a6b06fc269'
}
CTX: {
  tenantId: '087f0342-db64-4a25-bfd9-c247cb66d825',
  unitId: '208a3519-a515-4986-aa4b-599e22ec3b0b',
  userId: '71898a6a-1795-4e47-b096-72a6b06fc269'
}
CTX: {
  tenantId: '087f0342-db64-4a25-bfd9-c247cb66d825',
  unitId: '208a3519-a515-4986-aa4b-599e22ec3b0b',
  userId: '71898a6a-1795-4e47-b096-72a6b06fc269'
}
CTX: {
  tenantId: '087f0342-db64-4a25-bfd9-c247cb66d825',
  unitId: '208a3519-a515-4986-aa4b-599e22ec3b0b',
  userId: '71898a6a-1795-4e47-b096-72a6b06fc269'
}
CTX: {
  tenantId: '087f0342-db64-4a25-bfd9-c247cb66d825',
  unitId: '208a3519-a515-4986-aa4b-599e22ec3b0b',
  userId: '71898a6a-1795-4e47-b096-72a6b06fc269'
}
CTX: {
  tenantId: '087f0342-db64-4a25-bfd9-c247cb66d825',
  unitId: '208a3519-a515-4986-aa4b-599e22ec3b0b',
  userId: '71898a6a-1795-4e47-b096-72a6b06fc269'
}
CTX: {
  tenantId: '087f0342-db64-4a25-bfd9-c247cb66d825',
  unitId: '208a3519-a515-4986-aa4b-599e22ec3b0b',
  userId: '71898a6a-1795-4e47-b096-72a6b06fc269'
}
CTX: {
  tenantId: '087f0342-db64-4a25-bfd9-c247cb66d825',
  unitId: '208a3519-a515-4986-aa4b-599e22ec3b0b',
  userId: '71898a6a-1795-4e47-b096-72a6b06fc269'
}
CTX: {
  tenantId: '087f0342-db64-4a25-bfd9-c247cb66d825',
  unitId: '208a3519-a515-4986-aa4b-599e22ec3b0b',
  userId: '71898a6a-1795-4e47-b096-72a6b06fc269'
}
CTX: {
  tenantId: '087f0342-db64-4a25-bfd9-c247cb66d825',
  unitId: '208a3519-a515-4986-aa4b-599e22ec3b0b',
  userId: '71898a6a-1795-4e47-b096-72a6b06fc269'
}
CTX: {
  tenantId: '087f0342-db64-4a25-bfd9-c247cb66d825',
  unitId: '208a3519-a515-4986-aa4b-599e22ec3b0b',
  userId: '71898a6a-1795-4e47-b096-72a6b06fc269'
}
CTX: {
  tenantId: '087f0342-db64-4a25-bfd9-c247cb66d825',
  unitId: '208a3519-a515-4986-aa4b-599e22ec3b0b',
  userId: '71898a6a-1795-4e47-b096-72a6b06fc269'
}
CTX: {
  tenantId: '087f0342-db64-4a25-bfd9-c247cb66d825',
  unitId: '208a3519-a515-4986-aa4b-599e22ec3b0b',
  userId: '71898a6a-1795-4e47-b096-72a6b06fc269'
}
CTX: {
  tenantId: '087f0342-db64-4a25-bfd9-c247cb66d825',
  unitId: '208a3519-a515-4986-aa4b-599e22ec3b0b',
  userId: '71898a6a-1795-4e47-b096-72a6b06fc269'
}
CTX: {
  tenantId: '087f0342-db64-4a25-bfd9-c247cb66d825',
  unitId: '208a3519-a515-4986-aa4b-599e22ec3b0b',
  userId: '71898a6a-1795-4e47-b096-72a6b06fc269'
}
CTX: {
  tenantId: '087f0342-db64-4a25-bfd9-c247cb66d825',
  unitId: '208a3519-a515-4986-aa4b-599e22ec3b0b',
  userId: '71898a6a-1795-4e47-b096-72a6b06fc269'
}
CTX: {
  tenantId: '087f0342-db64-4a25-bfd9-c247cb66d825',
  unitId: '208a3519-a515-4986-aa4b-599e22ec3b0b',
  userId: '71898a6a-1795-4e47-b096-72a6b06fc269'
}
CTX: {
  tenantId: '087f0342-db64-4a25-bfd9-c247cb66d825',
  unitId: '208a3519-a515-4986-aa4b-599e22ec3b0b',
  userId: '71898a6a-1795-4e47-b096-72a6b06fc269'
}
CTX: {
  tenantId: '087f0342-db64-4a25-bfd9-c247cb66d825',
  unitId: '208a3519-a515-4986-aa4b-599e22ec3b0b',
  userId: '71898a6a-1795-4e47-b096-72a6b06fc269'
}
CTX: {
  tenantId: '087f0342-db64-4a25-bfd9-c247cb66d825',
  unitId: '208a3519-a515-4986-aa4b-599e22ec3b0b',
  userId: '71898a6a-1795-4e47-b096-72a6b06fc269'
}
CTX: {
  tenantId: '087f0342-db64-4a25-bfd9-c247cb66d825',
  unitId: '208a3519-a515-4986-aa4b-599e22ec3b0b',
  userId: '71898a6a-1795-4e47-b096-72a6b06fc269'
}
CTX: {
  tenantId: '087f0342-db64-4a25-bfd9-c247cb66d825',
  unitId: '208a3519-a515-4986-aa4b-599e22ec3b0b',
  userId: '71898a6a-1795-4e47-b096-72a6b06fc269'
}
CTX: {
  tenantId: '087f0342-db64-4a25-bfd9-c247cb66d825',
  unitId: '208a3519-a515-4986-aa4b-599e22ec3b0b',
  userId: '71898a6a-1795-4e47-b096-72a6b06fc269'
}
CTX: {
  tenantId: '087f0342-db64-4a25-bfd9-c247cb66d825',
  unitId: '208a3519-a515-4986-aa4b-599e22ec3b0b',
  userId: '71898a6a-1795-4e47-b096-72a6b06fc269'
}
CTX: {
  tenantId: '087f0342-db64-4a25-bfd9-c247cb66d825',
  unitId: '208a3519-a515-4986-aa4b-599e22ec3b0b',
  userId: '71898a6a-1795-4e47-b096-72a6b06fc269'
}
CTX: {
  tenantId: '087f0342-db64-4a25-bfd9-c247cb66d825',
  unitId: '208a3519-a515-4986-aa4b-599e22ec3b0b',
  userId: '71898a6a-1795-4e47-b096-72a6b06fc269'
}
{"level":"info","timestamp":"2026-05-14T17:28:05.789Z","service":"erp-omnichannel","environment":"development","message":"[IMAP] Connected to imap.gmail.com","scope":"imap-worker"}
📧 EMAIL CONNECTED: testingforcompany.0@gmail.com
📩 Incoming email from: djroman11221@gmail.com
📩 Subject: Re: Testing
{"level":"info","timestamp":"2026-05-14T17:28:08.652Z","service":"erp-omnichannel","environment":"development","message":"Ignored duplicate inbound email via IMAP","scope":"imap-worker","externalMessageId":"<CAB+XejzrPfiwmGCMR2ti7H1q4wyvSea7sN_JL1T+GXhYJe9pCQ@mail.gmail.com>"}
{"level":"info","timestamp":"2026-05-14T17:28:08.655Z","service":"erp-omnichannel","environment":"development","message":"[IMAP] Processed email UID 24.","scope":"imap-worker"}
CTX: {
  tenantId: '087f0342-db64-4a25-bfd9-c247cb66d825',
  unitId: '208a3519-a515-4986-aa4b-599e22ec3b0b',
  userId: '71898a6a-1795-4e47-b096-72a6b06fc269'
}
CTX: {
  tenantId: '087f0342-db64-4a25-bfd9-c247cb66d825',
  unitId: '208a3519-a515-4986-aa4b-599e22ec3b0b',
  userId: '71898a6a-1795-4e47-b096-72a6b06fc269'
}
CTX: {
  tenantId: '087f0342-db64-4a25-bfd9-c247cb66d825',
  unitId: '208a3519-a515-4986-aa4b-599e22ec3b0b',
  userId: '71898a6a-1795-4e47-b096-72a6b06fc269'
}
CTX: {
  tenantId: '087f0342-db64-4a25-bfd9-c247cb66d825',
  unitId: '208a3519-a515-4986-aa4b-599e22ec3b0b',
  userId: '71898a6a-1795-4e47-b096-72a6b06fc269'
}
CTX: {
  tenantId: '087f0342-db64-4a25-bfd9-c247cb66d825',
  unitId: '208a3519-a515-4986-aa4b-599e22ec3b0b',
  userId: '71898a6a-1795-4e47-b096-72a6b06fc269'
}
CTX: {
  tenantId: '087f0342-db64-4a25-bfd9-c247cb66d825',
  unitId: '208a3519-a515-4986-aa4b-599e22ec3b0b',
  userId: '71898a6a-1795-4e47-b096-72a6b06fc269'
}
CTX: {
  tenantId: '087f0342-db64-4a25-bfd9-c247cb66d825',
  unitId: '208a3519-a515-4986-aa4b-599e22ec3b0b',
  userId: '71898a6a-1795-4e47-b096-72a6b06fc269'
}
CTX: {
  tenantId: '087f0342-db64-4a25-bfd9-c247cb66d825',
  unitId: '208a3519-a515-4986-aa4b-599e22ec3b0b',
  userId: '71898a6a-1795-4e47-b096-72a6b06fc269'
}
CTX: {
  tenantId: '087f0342-db64-4a25-bfd9-c247cb66d825',
  unitId: '208a3519-a515-4986-aa4b-599e22ec3b0b',
  userId: '71898a6a-1795-4e47-b096-72a6b06fc269'
}
CTX: {
  tenantId: '087f0342-db64-4a25-bfd9-c247cb66d825',
  unitId: '208a3519-a515-4986-aa4b-599e22ec3b0b',
  userId: '71898a6a-1795-4e47-b096-72a6b06fc269'
}
CTX: {
  tenantId: '087f0342-db64-4a25-bfd9-c247cb66d825',
  unitId: '208a3519-a515-4986-aa4b-599e22ec3b0b',
  userId: '71898a6a-1795-4e47-b096-72a6b06fc269'
}
CTX: {
  tenantId: '087f0342-db64-4a25-bfd9-c247cb66d825',
  unitId: '208a3519-a515-4986-aa4b-599e22ec3b0b',
  userId: '71898a6a-1795-4e47-b096-72a6b06fc269'
}
CTX: {
  tenantId: '087f0342-db64-4a25-bfd9-c247cb66d825',
  unitId: '208a3519-a515-4986-aa4b-599e22ec3b0b',
  userId: '71898a6a-1795-4e47-b096-72a6b06fc269'
}
CTX: {
  tenantId: '087f0342-db64-4a25-bfd9-c247cb66d825',
  unitId: '208a3519-a515-4986-aa4b-599e22ec3b0b',
  userId: '71898a6a-1795-4e47-b096-72a6b06fc269'
}
CTX: {
  tenantId: '087f0342-db64-4a25-bfd9-c247cb66d825',
  unitId: '208a3519-a515-4986-aa4b-599e22ec3b0b',
  userId: '71898a6a-1795-4e47-b096-72a6b06fc269'
}
CTX: {
  tenantId: '087f0342-db64-4a25-bfd9-c247cb66d825',
  unitId: '208a3519-a515-4986-aa4b-599e22ec3b0b',
  userId: '71898a6a-1795-4e47-b096-72a6b06fc269'
}
CTX: {
  tenantId: '087f0342-db64-4a25-bfd9-c247cb66d825',
  unitId: '208a3519-a515-4986-aa4b-599e22ec3b0b',
  userId: '71898a6a-1795-4e47-b096-72a6b06fc269'
}
CTX: {
  tenantId: '087f0342-db64-4a25-bfd9-c247cb66d825',
  unitId: '208a3519-a515-4986-aa4b-599e22ec3b0b',
  userId: '71898a6a-1795-4e47-b096-72a6b06fc269'
}
[SOCKET] Client disconnected: 2BQkfvQR8zax_oECAAAF
[SOCKET] Client connected: ucImfTFlk89XcotXAAAH
CTX: {
  tenantId: '087f0342-db64-4a25-bfd9-c247cb66d825',
  unitId: '208a3519-a515-4986-aa4b-599e22ec3b0b',
  userId: '71898a6a-1795-4e47-b096-72a6b06fc269'
}
CTX: {
  tenantId: '087f0342-db64-4a25-bfd9-c247cb66d825',
  unitId: '208a3519-a515-4986-aa4b-599e22ec3b0b',
  userId: '71898a6a-1795-4e47-b096-72a6b06fc269'
}
CTX: {
  tenantId: '087f0342-db64-4a25-bfd9-c247cb66d825',
  unitId: '208a3519-a515-4986-aa4b-599e22ec3b0b',
  userId: '71898a6a-1795-4e47-b096-72a6b06fc269'
}
CTX: {
  tenantId: '087f0342-db64-4a25-bfd9-c247cb66d825',
  unitId: '208a3519-a515-4986-aa4b-599e22ec3b0b',
  userId: '71898a6a-1795-4e47-b096-72a6b06fc269'
}
CTX: {
  tenantId: '087f0342-db64-4a25-bfd9-c247cb66d825',
  unitId: '208a3519-a515-4986-aa4b-599e22ec3b0b',
  userId: '71898a6a-1795-4e47-b096-72a6b06fc269'
}
CTX: {
  tenantId: '087f0342-db64-4a25-bfd9-c247cb66d825',
  unitId: '208a3519-a515-4986-aa4b-599e22ec3b0b',
  userId: '71898a6a-1795-4e47-b096-72a6b06fc269'
}
CTX: {
  tenantId: '087f0342-db64-4a25-bfd9-c247cb66d825',
  unitId: '208a3519-a515-4986-aa4b-599e22ec3b0b',
  userId: '71898a6a-1795-4e47-b096-72a6b06fc269'
}
CTX: {
  tenantId: '087f0342-db64-4a25-bfd9-c247cb66d825',
  unitId: '208a3519-a515-4986-aa4b-599e22ec3b0b',
  userId: '71898a6a-1795-4e47-b096-72a6b06fc269'
}
CTX: {
  tenantId: '087f0342-db64-4a25-bfd9-c247cb66d825',
  unitId: '208a3519-a515-4986-aa4b-599e22ec3b0b',
  userId: '71898a6a-1795-4e47-b096-72a6b06fc269'
}
CTX: {
  tenantId: '087f0342-db64-4a25-bfd9-c247cb66d825',
  unitId: '208a3519-a515-4986-aa4b-599e22ec3b0b',
  userId: '71898a6a-1795-4e47-b096-72a6b06fc269'
}
CTX: {
  tenantId: '087f0342-db64-4a25-bfd9-c247cb66d825',
  unitId: '208a3519-a515-4986-aa4b-599e22ec3b0b',
  userId: '71898a6a-1795-4e47-b096-72a6b06fc269'
}
CTX: {
  tenantId: '087f0342-db64-4a25-bfd9-c247cb66d825',
  unitId: '208a3519-a515-4986-aa4b-599e22ec3b0b',
  userId: '71898a6a-1795-4e47-b096-72a6b06fc269'
}
CTX: {
  tenantId: '087f0342-db64-4a25-bfd9-c247cb66d825',
  unitId: '208a3519-a515-4986-aa4b-599e22ec3b0b',
  userId: '71898a6a-1795-4e47-b096-72a6b06fc269'
}
{"level":"info","timestamp":"2026-05-14T17:30:26.082Z","service":"erp-omnichannel","environment":"development","message":"[IMAP] Connected to imap.gmail.com","scope":"imap-worker"}
📧 EMAIL CONNECTED: testingforcompany.0@gmail.com
📩 Incoming email from: djroman11221@gmail.com
📩 Subject: Re: Testing
{"level":"info","timestamp":"2026-05-14T17:30:29.737Z","service":"erp-omnichannel","environment":"development","message":"Ignored duplicate inbound email via IMAP","scope":"imap-worker","externalMessageId":"<CAB+XejzrPfiwmGCMR2ti7H1q4wyvSea7sN_JL1T+GXhYJe9pCQ@mail.gmail.com>"}
{"level":"info","timestamp":"2026-05-14T17:30:29.746Z","service":"erp-omnichannel","environment":"development","message":"[IMAP] Processed email UID 24.","scope":"imap-worker"}
CTX: {
  tenantId: '087f0342-db64-4a25-bfd9-c247cb66d825',
  unitId: '208a3519-a515-4986-aa4b-599e22ec3b0b',
  userId: '71898a6a-1795-4e47-b096-72a6b06fc269'
}
CTX: {
  tenantId: '087f0342-db64-4a25-bfd9-c247cb66d825',
  unitId: '208a3519-a515-4986-aa4b-599e22ec3b0b',
  userId: '71898a6a-1795-4e47-b096-72a6b06fc269'
}
CTX: {
  tenantId: '087f0342-db64-4a25-bfd9-c247cb66d825',
  unitId: '208a3519-a515-4986-aa4b-599e22ec3b0b',
  userId: '71898a6a-1795-4e47-b096-72a6b06fc269'
}
CTX: {
  tenantId: '087f0342-db64-4a25-bfd9-c247cb66d825',
  unitId: '208a3519-a515-4986-aa4b-599e22ec3b0b',
  userId: '71898a6a-1795-4e47-b096-72a6b06fc269'
}
CTX: {
  tenantId: '087f0342-db64-4a25-bfd9-c247cb66d825',
  unitId: '208a3519-a515-4986-aa4b-599e22ec3b0b',
  userId: '71898a6a-1795-4e47-b096-72a6b06fc269'
}
CTX: {
  tenantId: '087f0342-db64-4a25-bfd9-c247cb66d825',
  unitId: '208a3519-a515-4986-aa4b-599e22ec3b0b',
  userId: '71898a6a-1795-4e47-b096-72a6b06fc269'
}
CTX: {
  tenantId: '087f0342-db64-4a25-bfd9-c247cb66d825',
  unitId: '208a3519-a515-4986-aa4b-599e22ec3b0b',
  userId: '71898a6a-1795-4e47-b096-72a6b06fc269'
}
CTX: {
  tenantId: '087f0342-db64-4a25-bfd9-c247cb66d825',
  unitId: '208a3519-a515-4986-aa4b-599e22ec3b0b',
  userId: '71898a6a-1795-4e47-b096-72a6b06fc269'
}
CTX: {
  tenantId: '087f0342-db64-4a25-bfd9-c247cb66d825',
  unitId: '208a3519-a515-4986-aa4b-599e22ec3b0b',
  userId: '71898a6a-1795-4e47-b096-72a6b06fc269'
}
CTX: {
  tenantId: '087f0342-db64-4a25-bfd9-c247cb66d825',
  unitId: '208a3519-a515-4986-aa4b-599e22ec3b0b',
  userId: '71898a6a-1795-4e47-b096-72a6b06fc269'
}
CTX: {
  tenantId: '087f0342-db64-4a25-bfd9-c247cb66d825',
  unitId: '208a3519-a515-4986-aa4b-599e22ec3b0b',
  userId: '71898a6a-1795-4e47-b096-72a6b06fc269'
}
CTX: {
  tenantId: '087f0342-db64-4a25-bfd9-c247cb66d825',
  unitId: '208a3519-a515-4986-aa4b-599e22ec3b0b',
  userId: '71898a6a-1795-4e47-b096-72a6b06fc269'
}
CTX: {
  tenantId: '087f0342-db64-4a25-bfd9-c247cb66d825',
  unitId: '208a3519-a515-4986-aa4b-599e22ec3b0b',
  userId: '71898a6a-1795-4e47-b096-72a6b06fc269'
}
CTX: {
  tenantId: '087f0342-db64-4a25-bfd9-c247cb66d825',
  unitId: '208a3519-a515-4986-aa4b-599e22ec3b0b',
  userId: '71898a6a-1795-4e47-b096-72a6b06fc269'
}
CTX: {
  tenantId: '087f0342-db64-4a25-bfd9-c247cb66d825',
  unitId: '208a3519-a515-4986-aa4b-599e22ec3b0b',
  userId: '71898a6a-1795-4e47-b096-72a6b06fc269'
}
CTX: {
  tenantId: '087f0342-db64-4a25-bfd9-c247cb66d825',
  unitId: '208a3519-a515-4986-aa4b-599e22ec3b0b',
  userId: '71898a6a-1795-4e47-b096-72a6b06fc269'
}
CTX: {
  tenantId: '087f0342-db64-4a25-bfd9-c247cb66d825',
  unitId: '208a3519-a515-4986-aa4b-599e22ec3b0b',
  userId: '71898a6a-1795-4e47-b096-72a6b06fc269'
}
CTX: {
  tenantId: '087f0342-db64-4a25-bfd9-c247cb66d825',
  unitId: '208a3519-a515-4986-aa4b-599e22ec3b0b',
  userId: '71898a6a-1795-4e47-b096-72a6b06fc269'
}
CTX: {
  tenantId: '087f0342-db64-4a25-bfd9-c247cb66d825',
  unitId: '208a3519-a515-4986-aa4b-599e22ec3b0b',
  userId: '71898a6a-1795-4e47-b096-72a6b06fc269'
}
CTX: {
  tenantId: '087f0342-db64-4a25-bfd9-c247cb66d825',
  unitId: '208a3519-a515-4986-aa4b-599e22ec3b0b',
  userId: '71898a6a-1795-4e47-b096-72a6b06fc269'
}
CTX: {
  tenantId: '087f0342-db64-4a25-bfd9-c247cb66d825',
  unitId: '208a3519-a515-4986-aa4b-599e22ec3b0b',
  userId: '71898a6a-1795-4e47-b096-72a6b06fc269'
}
CTX: {
  tenantId: '087f0342-db64-4a25-bfd9-c247cb66d825',
  unitId: '208a3519-a515-4986-aa4b-599e22ec3b0b',
  userId: '71898a6a-1795-4e47-b096-72a6b06fc269'
}
CTX: {
  tenantId: '087f0342-db64-4a25-bfd9-c247cb66d825',
  unitId: '208a3519-a515-4986-aa4b-599e22ec3b0b',
  userId: '71898a6a-1795-4e47-b096-72a6b06fc269'
}
CTX: {
  tenantId: '087f0342-db64-4a25-bfd9-c247cb66d825',
  unitId: '208a3519-a515-4986-aa4b-599e22ec3b0b',
  userId: '71898a6a-1795-4e47-b096-72a6b06fc269'
}
CTX: {
  tenantId: '087f0342-db64-4a25-bfd9-c247cb66d825',
  unitId: '208a3519-a515-4986-aa4b-599e22ec3b0b',
  userId: '71898a6a-1795-4e47-b096-72a6b06fc269'
}
CTX: {
  tenantId: '087f0342-db64-4a25-bfd9-c247cb66d825',
  unitId: '208a3519-a515-4986-aa4b-599e22ec3b0b',
  userId: '71898a6a-1795-4e47-b096-72a6b06fc269'
}
{"level":"info","timestamp":"2026-05-14T17:32:46.719Z","service":"erp-omnichannel","environment":"development","message":"[IMAP] Connected to imap.gmail.com","scope":"imap-worker"}
📧 EMAIL CONNECTED: testingforcompany.0@gmail.com
CTX: {
  tenantId: '087f0342-db64-4a25-bfd9-c247cb66d825',
  unitId: '208a3519-a515-4986-aa4b-599e22ec3b0b',
  userId: '71898a6a-1795-4e47-b096-72a6b06fc269'
}
📩 Incoming email from: djroman11221@gmail.com
📩 Subject: Re: Testing
{"level":"info","timestamp":"2026-05-14T17:32:49.828Z","service":"erp-omnichannel","environment":"development","message":"Ignored duplicate inbound email via IMAP","scope":"imap-worker","externalMessageId":"<CAB+XejzrPfiwmGCMR2ti7H1q4wyvSea7sN_JL1T+GXhYJe9pCQ@mail.gmail.com>"}
{"level":"info","timestamp":"2026-05-14T17:32:49.834Z","service":"erp-omnichannel","environment":"development","message":"[IMAP] Processed email UID 24.","scope":"imap-worker"}
CTX: {
  tenantId: '087f0342-db64-4a25-bfd9-c247cb66d825',
  unitId: '208a3519-a515-4986-aa4b-599e22ec3b0b',
  userId: '71898a6a-1795-4e47-b096-72a6b06fc269'
}
CTX: {
  tenantId: '087f0342-db64-4a25-bfd9-c247cb66d825',
  unitId: '208a3519-a515-4986-aa4b-599e22ec3b0b',
  userId: '71898a6a-1795-4e47-b096-72a6b06fc269'
}
CTX: {
  tenantId: '087f0342-db64-4a25-bfd9-c247cb66d825',
  unitId: '208a3519-a515-4986-aa4b-599e22ec3b0b',
  userId: '71898a6a-1795-4e47-b096-72a6b06fc269'
}
CTX: {
  tenantId: '087f0342-db64-4a25-bfd9-c247cb66d825',
  unitId: '208a3519-a515-4986-aa4b-599e22ec3b0b',
  userId: '71898a6a-1795-4e47-b096-72a6b06fc269'
}
CTX: {
  tenantId: '087f0342-db64-4a25-bfd9-c247cb66d825',
  unitId: '208a3519-a515-4986-aa4b-599e22ec3b0b',
  userId: '71898a6a-1795-4e47-b096-72a6b06fc269'
}
CTX: {
  tenantId: '087f0342-db64-4a25-bfd9-c247cb66d825',
  unitId: '208a3519-a515-4986-aa4b-599e22ec3b0b',
  userId: '71898a6a-1795-4e47-b096-72a6b06fc269'
}
CTX: {
  tenantId: '087f0342-db64-4a25-bfd9-c247cb66d825',
  unitId: '208a3519-a515-4986-aa4b-599e22ec3b0b',
  userId: '71898a6a-1795-4e47-b096-72a6b06fc269'
}
CTX: {
  tenantId: '087f0342-db64-4a25-bfd9-c247cb66d825',
  unitId: '208a3519-a515-4986-aa4b-599e22ec3b0b',
  userId: '71898a6a-1795-4e47-b096-72a6b06fc269'
}
CTX: {
  tenantId: '087f0342-db64-4a25-bfd9-c247cb66d825',
  unitId: '208a3519-a515-4986-aa4b-599e22ec3b0b',
  userId: '71898a6a-1795-4e47-b096-72a6b06fc269'
}
CTX: {
  tenantId: '087f0342-db64-4a25-bfd9-c247cb66d825',
  unitId: '208a3519-a515-4986-aa4b-599e22ec3b0b',
  userId: '71898a6a-1795-4e47-b096-72a6b06fc269'
}
CTX: {
  tenantId: '087f0342-db64-4a25-bfd9-c247cb66d825',
  unitId: '208a3519-a515-4986-aa4b-599e22ec3b0b',
  userId: '71898a6a-1795-4e47-b096-72a6b06fc269'
}
CTX: {
  tenantId: '087f0342-db64-4a25-bfd9-c247cb66d825',
  unitId: '208a3519-a515-4986-aa4b-599e22ec3b0b',
  userId: '71898a6a-1795-4e47-b096-72a6b06fc269'
}
CTX: {
  tenantId: '087f0342-db64-4a25-bfd9-c247cb66d825',
  unitId: '208a3519-a515-4986-aa4b-599e22ec3b0b',
  userId: '71898a6a-1795-4e47-b096-72a6b06fc269'
}
CTX: {
  tenantId: '087f0342-db64-4a25-bfd9-c247cb66d825',
  unitId: '208a3519-a515-4986-aa4b-599e22ec3b0b',
  userId: '71898a6a-1795-4e47-b096-72a6b06fc269'
}
{"level":"info","timestamp":"2026-05-14T17:35:07.071Z","service":"erp-omnichannel","environment":"development","message":"[IMAP] Connected to imap.gmail.com","scope":"imap-worker"}
📧 EMAIL CONNECTED: testingforcompany.0@gmail.com
📩 Incoming email from: djroman11221@gmail.com
📩 Subject: Re: Testing
{"level":"info","timestamp":"2026-05-14T17:35:10.365Z","service":"erp-omnichannel","environment":"development","message":"Ignored duplicate inbound email via IMAP","scope":"imap-worker","externalMessageId":"<CAB+XejzrPfiwmGCMR2ti7H1q4wyvSea7sN_JL1T+GXhYJe9pCQ@mail.gmail.com>"}
{"level":"info","timestamp":"2026-05-14T17:35:10.365Z","service":"erp-omnichannel","environment":"development","message":"[IMAP] Processed email UID 24.","scope":"imap-worker"}
CTX: {
  tenantId: '087f0342-db64-4a25-bfd9-c247cb66d825',
  unitId: '208a3519-a515-4986-aa4b-599e22ec3b0b',
  userId: '71898a6a-1795-4e47-b096-72a6b06fc269'
}
CTX: {
  tenantId: '087f0342-db64-4a25-bfd9-c247cb66d825',
  unitId: '208a3519-a515-4986-aa4b-599e22ec3b0b',
  userId: '71898a6a-1795-4e47-b096-72a6b06fc269'
}
CTX: {
  tenantId: '087f0342-db64-4a25-bfd9-c247cb66d825',
  unitId: '208a3519-a515-4986-aa4b-599e22ec3b0b',
  userId: '71898a6a-1795-4e47-b096-72a6b06fc269'
}
CTX: {
  tenantId: '087f0342-db64-4a25-bfd9-c247cb66d825',
  unitId: '208a3519-a515-4986-aa4b-599e22ec3b0b',
  userId: '71898a6a-1795-4e47-b096-72a6b06fc269'
}
{"level":"info","timestamp":"2026-05-14T17:37:27.270Z","service":"erp-omnichannel","environment":"development","message":"[IMAP] Connected to imap.gmail.com","scope":"imap-worker"}
📧 EMAIL CONNECTED: testingforcompany.0@gmail.com
📩 Incoming email from: djroman11221@gmail.com
📩 Subject: Re: Testing
{"level":"info","timestamp":"2026-05-14T17:37:30.113Z","service":"erp-omnichannel","environment":"development","message":"Ignored duplicate inbound email via IMAP","scope":"imap-worker","externalMessageId":"<CAB+XejzrPfiwmGCMR2ti7H1q4wyvSea7sN_JL1T+GXhYJe9pCQ@mail.gmail.com>"}
{"level":"info","timestamp":"2026-05-14T17:37:30.114Z","service":"erp-omnichannel","environment":"development","message":"[IMAP] Processed email UID 24.","scope":"imap-worker"}
CTX: {
  tenantId: '087f0342-db64-4a25-bfd9-c247cb66d825',
  unitId: '208a3519-a515-4986-aa4b-599e22ec3b0b',
  userId: '71898a6a-1795-4e47-b096-72a6b06fc269'
}
CTX: {
  tenantId: '087f0342-db64-4a25-bfd9-c247cb66d825',
  unitId: '208a3519-a515-4986-aa4b-599e22ec3b0b',
  userId: '71898a6a-1795-4e47-b096-72a6b06fc269'
}
CTX: {
  tenantId: '087f0342-db64-4a25-bfd9-c247cb66d825',
  unitId: '208a3519-a515-4986-aa4b-599e22ec3b0b',
  userId: '71898a6a-1795-4e47-b096-72a6b06fc269'
}
CTX: {
  tenantId: '087f0342-db64-4a25-bfd9-c247cb66d825',
  unitId: '208a3519-a515-4986-aa4b-599e22ec3b0b',
  userId: '71898a6a-1795-4e47-b096-72a6b06fc269'
}
{"level":"info","timestamp":"2026-05-14T17:39:47.632Z","service":"erp-omnichannel","environment":"development","message":"[IMAP] Connected to imap.gmail.com","scope":"imap-worker"}
📧 EMAIL CONNECTED: testingforcompany.0@gmail.com
CTX: {
  tenantId: '087f0342-db64-4a25-bfd9-c247cb66d825',
  unitId: '208a3519-a515-4986-aa4b-599e22ec3b0b',
  userId: '71898a6a-1795-4e47-b096-72a6b06fc269'
}
CTX: {
  tenantId: '087f0342-db64-4a25-bfd9-c247cb66d825',
  unitId: '208a3519-a515-4986-aa4b-599e22ec3b0b',
  userId: '71898a6a-1795-4e47-b096-72a6b06fc269'
}
📩 Incoming email from: djroman11221@gmail.com
📩 Subject: Re: Testing
{"level":"info","timestamp":"2026-05-14T17:39:50.529Z","service":"erp-omnichannel","environment":"development","message":"Ignored duplicate inbound email via IMAP","scope":"imap-worker","externalMessageId":"<CAB+XejzrPfiwmGCMR2ti7H1q4wyvSea7sN_JL1T+GXhYJe9pCQ@mail.gmail.com>"}
{"level":"info","timestamp":"2026-05-14T17:39:50.540Z","service":"erp-omnichannel","environment":"development","message":"[IMAP] Processed email UID 24.","scope":"imap-worker"}
CTX: {
  tenantId: '087f0342-db64-4a25-bfd9-c247cb66d825',
  unitId: '208a3519-a515-4986-aa4b-599e22ec3b0b',
  userId: '71898a6a-1795-4e47-b096-72a6b06fc269'
}
CTX: {
  tenantId: '087f0342-db64-4a25-bfd9-c247cb66d825',
  unitId: '208a3519-a515-4986-aa4b-599e22ec3b0b',
  userId: '71898a6a-1795-4e47-b096-72a6b06fc269'
}
CTX: {
  tenantId: '087f0342-db64-4a25-bfd9-c247cb66d825',
  unitId: '208a3519-a515-4986-aa4b-599e22ec3b0b',
  userId: '71898a6a-1795-4e47-b096-72a6b06fc269'
}
CTX: {
  tenantId: '087f0342-db64-4a25-bfd9-c247cb66d825',
  unitId: '208a3519-a515-4986-aa4b-599e22ec3b0b',
  userId: '71898a6a-1795-4e47-b096-72a6b06fc269'
}
{"level":"info","timestamp":"2026-05-14T17:42:08.038Z","service":"erp-omnichannel","environment":"development","message":"[IMAP] Connected to imap.gmail.com","scope":"imap-worker"}
📧 EMAIL CONNECTED: testingforcompany.0@gmail.com
📩 Incoming email from: djroman11221@gmail.com
📩 Subject: Re: Testing
[SOCKET] Client disconnected: ucImfTFlk89XcotXAAAH
{"level":"info","timestamp":"2026-05-14T17:45:57.951Z","service":"erp-omnichannel","environment":"development","message":"[IMAP] New email detected (49 messages). Polling now...","scope":"imap-worker"}
📩 Incoming email from: djroman11221@gmail.com
📩 Subject: Re: Testing
Automation Redis connected
{"level":"info","timestamp":"2026-05-14T17:57:33.523Z","service":"erp-omnichannel","environment":"development","message":"[IMAP] Connected to imap.gmail.com","scope":"imap-worker"}
📧 EMAIL CONNECTED: testingforcompany.0@gmail.com
📩 Incoming email from: djroman11221@gmail.com
📩 Subject: Re: Testing
Automation Redis connected
{"level":"info","timestamp":"2026-05-14T18:11:06.617Z","service":"erp-omnichannel","environment":"development","message":"[IMAP] Connected to imap.gmail.com","scope":"imap-worker"}
📧 EMAIL CONNECTED: testingforcompany.0@gmail.com
📩 Incoming email from: djroman11221@gmail.com
📩 Subject: Re: Testing
